
-- phpMyAdmin SQL Dump
-- version 3.5.2.2
-- http://www.phpmyadmin.net
--
-- Servidor: localhost
-- Tempo de Geração: 16/03/2015 às 19:25:45
-- Versão do Servidor: 10.0.12-MariaDB
-- Versão do PHP: 5.2.17

SET SQL_MODE="NO_AUTO_VALUE_ON_ZERO";
SET time_zone = "+00:00";


/*!40101 SET @OLD_CHARACTER_SET_CLIENT=@@CHARACTER_SET_CLIENT */;
/*!40101 SET @OLD_CHARACTER_SET_RESULTS=@@CHARACTER_SET_RESULTS */;
/*!40101 SET @OLD_COLLATION_CONNECTION=@@COLLATION_CONNECTION */;
/*!40101 SET NAMES utf8 */;

--
-- Banco de Dados: `u554520305_iron`
--

-- --------------------------------------------------------

--
-- Estrutura da tabela `ABAS_ABASTECIMENTO`
--

CREATE TABLE IF NOT EXISTS `ABAS_ABASTECIMENTO` (
  `ABAS_IDABASTECIMENTO` int(6) NOT NULL AUTO_INCREMENT,
  `VEIC_IDVEICULO` int(6) NOT NULL,
  `TICO_IDTIPOCOMBUSTIVEL` int(6) NOT NULL,
  `ABAS_DTABASTECIMENTO` datetime NOT NULL,
  `ABAS_NRKILOMETRAGEMVEICULO` float NOT NULL,
  `ABAS_QTDCOMBUSTIVEL` float NOT NULL,
  `FUNC_IDFUNCIONARIO` int(6) NOT NULL,
  `ABAS_VLABASTECIMENTO` decimal(10,0) NOT NULL,
  `ABAS_DCNOTAFISCAL` char(30) COLLATE utf8_unicode_ci NOT NULL,
  PRIMARY KEY (`ABAS_IDABASTECIMENTO`,`VEIC_IDVEICULO`,`TICO_IDTIPOCOMBUSTIVEL`,`ABAS_DTABASTECIMENTO`,`ABAS_NRKILOMETRAGEMVEICULO`,`ABAS_QTDCOMBUSTIVEL`)
) ENGINE=MyISAM  DEFAULT CHARSET=utf8 COLLATE=utf8_unicode_ci AUTO_INCREMENT=6 ;

--
-- Extraindo dados da tabela `ABAS_ABASTECIMENTO`
--

INSERT INTO `ABAS_ABASTECIMENTO` (`ABAS_IDABASTECIMENTO`, `VEIC_IDVEICULO`, `TICO_IDTIPOCOMBUSTIVEL`, `ABAS_DTABASTECIMENTO`, `ABAS_NRKILOMETRAGEMVEICULO`, `ABAS_QTDCOMBUSTIVEL`, `FUNC_IDFUNCIONARIO`, `ABAS_VLABASTECIMENTO`, `ABAS_DCNOTAFISCAL`) VALUES
(1, 2, 1, '2015-02-19 06:30:00', 304180, 500, 0, '0', ''),
(2, 1, 8, '2015-02-10 10:18:00', 304564, 50, 0, '0', ''),
(3, 5, 7, '2014-11-06 07:43:00', 1458, 350, 0, '0', ''),
(4, 4, 5, '2015-02-13 15:20:00', 11689, 120, 0, '0', ''),
(5, 3, 2, '2015-02-24 13:10:00', 20456, 35, 0, '0', '');

-- --------------------------------------------------------

--
-- Estrutura da tabela `BAIR_BAIRRO`
--

CREATE TABLE IF NOT EXISTS `BAIR_BAIRRO` (
  `BAIR_IDBAIRRO` int(6) NOT NULL AUTO_INCREMENT,
  `MUNI_IDMUNICIPIO` int(6) NOT NULL,
  `BAIR_DLNOMEBAIRRO` varchar(50) COLLATE utf8_unicode_ci NOT NULL,
  PRIMARY KEY (`BAIR_IDBAIRRO`,`MUNI_IDMUNICIPIO`,`BAIR_DLNOMEBAIRRO`)
) ENGINE=MyISAM  DEFAULT CHARSET=utf8 COLLATE=utf8_unicode_ci AUTO_INCREMENT=42 ;

--
-- Extraindo dados da tabela `BAIR_BAIRRO`
--

INSERT INTO `BAIR_BAIRRO` (`BAIR_IDBAIRRO`, `MUNI_IDMUNICIPIO`, `BAIR_DLNOMEBAIRRO`) VALUES
(1, 3, 'Aparecida'),
(2, 3, 'Alemoa'),
(3, 3, 'Embaré'),
(4, 3, 'Boqueirão'),
(5, 3, 'Campo Grande'),
(6, 3, 'Gonzaga'),
(7, 3, 'Ponta da Praia'),
(8, 3, 'Pompeia'),
(9, 3, 'Macuco'),
(10, 2, 'Itararé'),
(11, 2, 'Centro'),
(12, 2, 'Gonzaguinha'),
(13, 2, 'Boa Vista'),
(14, 2, 'Catiapoã'),
(15, 1, 'Pitangueiras'),
(16, 1, 'Tombo'),
(17, 1, 'Cachoeira'),
(18, 1, 'Jardim Guaiuba'),
(19, 4, 'Jardim Casqueiro'),
(20, 4, 'Vila Natal'),
(21, 4, 'Vale Verde'),
(22, 4, 'Centro'),
(23, 5, 'Barra de Lagoa'),
(24, 5, 'Parque Enseada'),
(25, 5, 'Balneário Praia do Pernambuco'),
(26, 6, 'Santa Tereza'),
(27, 6, 'Curral'),
(28, 6, 'Praia Mansa'),
(29, 15, 'Recanto Vista Alegre'),
(30, 15, 'Parque Green Village'),
(31, 15, 'Caminho do Sol'),
(32, 8, 'Centro'),
(33, 8, 'Vista Linda'),
(34, 8, 'Costa do Sol'),
(35, 8, 'Boraceia'),
(36, 17, 'Bom Clima'),
(37, 17, 'Cocaia'),
(38, 17, 'Jardim Cumbica'),
(39, 17, 'Itaim'),
(40, 17, 'Sadokim'),
(41, 11, '');

-- --------------------------------------------------------

--
-- Estrutura da tabela `CARG_CARGA`
--

CREATE TABLE IF NOT EXISTS `CARG_CARGA` (
  `CARG_IDCARGA` int(6) NOT NULL AUTO_INCREMENT,
  `CARG_IDTIPOCARGA` varchar(30) COLLATE utf8_unicode_ci NOT NULL,
  `CARG_DCPESOMERCADORIA` double NOT NULL,
  `CARG_NRDOCUMENTOIMPORTACAO` int(6) NOT NULL,
  `CARG_STCARGAPERIGOSA` tinyint(1) NOT NULL,
  `CARG_NRREFERENCIACARGA` int(6) NOT NULL,
  `CARG_DLNOMEMERCADORIA` varchar(50) COLLATE utf8_unicode_ci NOT NULL,
  `CONT_IDCONTAINER` char(11) COLLATE utf8_unicode_ci DEFAULT NULL,
  PRIMARY KEY (`CARG_IDCARGA`,`CARG_IDTIPOCARGA`,`CARG_DCPESOMERCADORIA`,`CARG_NRDOCUMENTOIMPORTACAO`,`CARG_STCARGAPERIGOSA`,`CARG_NRREFERENCIACARGA`,`CARG_DLNOMEMERCADORIA`)
) ENGINE=MyISAM  DEFAULT CHARSET=utf8 COLLATE=utf8_unicode_ci AUTO_INCREMENT=41 ;

--
-- Extraindo dados da tabela `CARG_CARGA`
--

INSERT INTO `CARG_CARGA` (`CARG_IDCARGA`, `CARG_IDTIPOCARGA`, `CARG_DCPESOMERCADORIA`, `CARG_NRDOCUMENTOIMPORTACAO`, `CARG_STCARGAPERIGOSA`, `CARG_NRREFERENCIACARGA`, `CARG_DLNOMEMERCADORIA`, `CONT_IDCONTAINER`) VALUES
(1, '1', 7200, 325464, 0, 1, 'PARAFUSOS', 'SUDU9687894'),
(2, '2', 12800, 321547, 0, 2, 'COBRE', NULL),
(3, '1', 9000, 156987, 1, 3, 'RESINA', 'MSCU6548795'),
(4, '2', 10000, 357498, 0, 4, 'PAPEL', NULL),
(5, '3', 25000, 465789, 1, 5, 'TRANSFORMADOR', NULL),
(6, '1', 14000, 263123, 0, 6, 'VINHO', 'MSKU3697895'),
(7, '5', 12000, 456124, 0, 7, 'SOJA', NULL),
(8, '6', 15200, 23165, 1, 8, 'GASOLINA', NULL),
(9, '4', 9600, 123478, 0, 9, 'CHAPAS DE METAL', 'SUDU3214567'),
(10, '2', 3250, 321021, 1, 11, 'TRATOR', NULL),
(11, '1', 7450, 987546, 0, 12, 'CIMENTO', 'MSCU8792451'),
(12, '1', 6980, 36578, 1, 13, 'ÁCIDO', 'MRKU9546879'),
(13, '4', 6590, 325469, 0, 14, 'TECIDO', 'TCKU2599885'),
(14, '3', 20500, 456789, 1, 15, 'MÁQUINAS', 'TEXU3987889'),
(15, '3', 18800, 451278, 1, 16, 'CHAPAS DE METAL', 'TEXU9654123'),
(16, '4', 6510, 789546, 0, 17, 'FIOS', 'MEDU6587894'),
(17, '1', 8850, 98788, 0, 18, 'CONECTORES', 'MEDU6659984'),
(18, '1', 6540, 258741, 0, 19, 'FILTROS', 'MSKU1594893'),
(19, '4', 10550, 357159, 0, 20, 'ARAME', 'TEXU1346791'),
(20, '4', 7850, 13976, 0, 21, 'FONE DE OUVIDO', 'MEDU6912308'),
(21, '1', 4520, 12365, 0, 22, 'PISO', 'MSKU2587980'),
(22, '4', 14000, 49785, 0, 23, 'BEBIDA', 'NYKU4978555'),
(23, '5', 7950, 346978, 0, 24, 'ARROZ', NULL),
(24, '5', 9780, 258741, 0, 25, 'TRIGO', NULL),
(25, '6', 18000, 145698, 1, 26, 'ÁLCOOL', NULL),
(26, '2', 7560, 546879, 0, 27, 'BOBINAS DE AÇO', NULL),
(27, '2', 9520, 365421, 0, 28, 'BOBINAS DE PAPEL', NULL),
(28, '2', 10520, 315477, 0, 29, 'PAPEL KRAFT', NULL),
(29, '2', 11210, 659847, 1, 30, 'TINTA', NULL),
(30, '1', 7980, 357485, 0, 31, 'CHUMBO', 'SUDU9552556'),
(31, '2', 1250, 254789, 0, 32, 'COBERTOR', NULL),
(32, '2', 2200, 12580, 0, 33, 'PLÁSTICO', NULL),
(33, '4', 13100, 94620, 1, 34, 'RESINA', 'SUDU1245687'),
(34, '4', 12300, 365622, 1, 35, 'ENDURECEDOR', 'MSCU1248796'),
(35, '1', 11880, 302198, 1, 36, 'ÁCIDO', 'TEXU9687845'),
(36, '8', 9560, 258465, 1, 37, 'NITROGÊNIO', NULL),
(37, '8', 8710, 547890, 1, 38, 'OXIGÊNIO', NULL),
(38, '8', 7410, 254698, 1, 39, 'ACETILENOO', NULL),
(39, '2', 3200, 312450, 0, 40, 'SABÃO EM PÓ', NULL),
(40, '2', 2100, 654879, 0, 41, 'GELATINA', NULL);

-- --------------------------------------------------------

--
-- Estrutura da tabela `CELO_CEPLOGRADOURO`
--

CREATE TABLE IF NOT EXISTS `CELO_CEPLOGRADOURO` (
  `CELO_IDCEPLOGRADOURO` int(6) NOT NULL AUTO_INCREMENT,
  `COEP_IDCEP` int(6) NOT NULL,
  `LOGR_IDLOGRADOURO` int(6) NOT NULL,
  `CELO_STUNICO` double NOT NULL,
  `CELO_STCEP` double NOT NULL,
  PRIMARY KEY (`CELO_IDCEPLOGRADOURO`,`COEP_IDCEP`,`LOGR_IDLOGRADOURO`,`CELO_STUNICO`,`CELO_STCEP`)
) ENGINE=MyISAM  DEFAULT CHARSET=utf8 COLLATE=utf8_unicode_ci AUTO_INCREMENT=41 ;

--
-- Extraindo dados da tabela `CELO_CEPLOGRADOURO`
--

INSERT INTO `CELO_CEPLOGRADOURO` (`CELO_IDCEPLOGRADOURO`, `COEP_IDCEP`, `LOGR_IDLOGRADOURO`, `CELO_STUNICO`, `CELO_STCEP`) VALUES
(1, 1, 1, 0, 0),
(2, 2, 2, 0, 0),
(3, 3, 3, 0, 0),
(4, 4, 4, 0, 0),
(5, 5, 5, 0, 0),
(6, 6, 6, 0, 0),
(7, 7, 7, 0, 0),
(8, 8, 8, 0, 0),
(9, 9, 9, 0, 0),
(10, 10, 10, 0, 0),
(11, 11, 11, 0, 0),
(12, 12, 12, 0, 0),
(13, 13, 13, 0, 0),
(14, 14, 14, 0, 0),
(15, 15, 15, 0, 0),
(16, 16, 16, 0, 0),
(17, 17, 17, 0, 0),
(18, 18, 18, 0, 0),
(19, 19, 19, 0, 0),
(20, 20, 20, 0, 0),
(21, 21, 21, 0, 0),
(22, 22, 22, 0, 0),
(23, 23, 23, 0, 0),
(24, 24, 24, 0, 0),
(25, 25, 25, 0, 0),
(26, 26, 26, 0, 0),
(27, 27, 27, 0, 0),
(28, 28, 28, 0, 0),
(29, 29, 29, 0, 0),
(30, 30, 30, 0, 0),
(31, 31, 31, 0, 0),
(32, 32, 32, 0, 0),
(33, 33, 33, 0, 0),
(34, 34, 34, 0, 0),
(35, 35, 35, 0, 0),
(36, 36, 36, 0, 0),
(37, 37, 37, 0, 0),
(38, 38, 38, 0, 0),
(39, 39, 39, 0, 0),
(40, 40, 40, 0, 0);

-- --------------------------------------------------------

--
-- Estrutura da tabela `CLIE_CLIENTE`
--

CREATE TABLE IF NOT EXISTS `CLIE_CLIENTE` (
  `CLIE_IDCLIENTE` int(6) NOT NULL AUTO_INCREMENT,
  `PESS_IDPESSOA` int(6) NOT NULL,
  `CLIE_DLNOMERESPONSAVEL` varchar(50) COLLATE utf8_unicode_ci NOT NULL,
  PRIMARY KEY (`CLIE_IDCLIENTE`,`PESS_IDPESSOA`)
) ENGINE=MyISAM  DEFAULT CHARSET=utf8 COLLATE=utf8_unicode_ci AUTO_INCREMENT=16 ;

--
-- Extraindo dados da tabela `CLIE_CLIENTE`
--

INSERT INTO `CLIE_CLIENTE` (`CLIE_IDCLIENTE`, `PESS_IDPESSOA`, `CLIE_DLNOMERESPONSAVEL`) VALUES
(1, 10, 'Dalmo'),
(2, 11, 'Simone'),
(3, 12, 'Mauricio'),
(4, 13, 'Franciele'),
(5, 14, 'Ricardo'),
(6, 15, 'Rogério'),
(7, 16, 'Carla'),
(8, 17, 'José'),
(9, 18, 'Felipe'),
(10, 19, 'Renato'),
(11, 20, 'Bruno'),
(11, 21, 'Yan'),
(12, 22, 'Andrey'),
(13, 23, 'Danilo'),
(14, 24, 'Lorenzo'),
(15, 20, 'Caio');

-- --------------------------------------------------------

--
-- Estrutura da tabela `COAC_CONTROLEACESSO`
--

CREATE TABLE IF NOT EXISTS `COAC_CONTROLEACESSO` (
  `COAC_IDCONTROLEACESSO` int(6) NOT NULL AUTO_INCREMENT,
  `FROT_IDFROTA` int(6) NOT NULL,
  `FUNC_IDFUNCIONARIO` int(6) NOT NULL,
  PRIMARY KEY (`COAC_IDCONTROLEACESSO`,`FROT_IDFROTA`,`FUNC_IDFUNCIONARIO`)
) ENGINE=MyISAM  DEFAULT CHARSET=utf8 COLLATE=utf8_unicode_ci AUTO_INCREMENT=31 ;

--
-- Extraindo dados da tabela `COAC_CONTROLEACESSO`
--

INSERT INTO `COAC_CONTROLEACESSO` (`COAC_IDCONTROLEACESSO`, `FROT_IDFROTA`, `FUNC_IDFUNCIONARIO`) VALUES
(1, 1, 5),
(2, 4, 8),
(3, 2, 7),
(4, 2, 28),
(5, 1, 16),
(6, 26, 30),
(7, 18, 21),
(8, 11, 14),
(9, 22, 9),
(10, 16, 13),
(11, 13, 19),
(12, 29, 28),
(13, 21, 6),
(14, 8, 14),
(15, 14, 25),
(16, 25, 26),
(17, 26, 11),
(18, 6, 23),
(19, 4, 30),
(20, 29, 2),
(21, 28, 5),
(22, 11, 27),
(23, 27, 19),
(24, 9, 10),
(25, 10, 20),
(26, 9, 6),
(27, 14, 18),
(28, 16, 16),
(29, 15, 18),
(30, 16, 3);

-- --------------------------------------------------------

--
-- Estrutura da tabela `COEP_CEP`
--

CREATE TABLE IF NOT EXISTS `COEP_CEP` (
  `COEP_IDCEP` int(6) NOT NULL AUTO_INCREMENT,
  `COEP_NRCEP` int(6) NOT NULL,
  PRIMARY KEY (`COEP_IDCEP`,`COEP_NRCEP`)
) ENGINE=MyISAM  DEFAULT CHARSET=utf8 COLLATE=utf8_unicode_ci AUTO_INCREMENT=41 ;

--
-- Extraindo dados da tabela `COEP_CEP`
--

INSERT INTO `COEP_CEP` (`COEP_IDCEP`, `COEP_NRCEP`) VALUES
(1, 11025201),
(2, 11095570),
(3, 11095540),
(4, 11025130),
(5, 11040190),
(6, 11060240),
(7, 11055230),
(8, 11030000),
(9, 11030190),
(10, 11030470),
(11, 11310450),
(12, 11370440),
(13, 11542190),
(14, 11538190),
(15, 11443050),
(16, 11444310),
(17, 6701015),
(18, 6705310),
(19, 11250970),
(20, 7240003),
(21, 7121241),
(22, 11730000),
(23, 11020310),
(24, 11020250),
(25, 11020110),
(26, 11015015),
(27, 11015160),
(28, 11015260),
(29, 11050020),
(30, 11045010),
(31, 11045030),
(32, 11045340),
(33, 11025040),
(34, 11045580),
(35, 11040101),
(36, 11040100),
(37, 11045210),
(38, 11040230),
(39, 11040150),
(40, 11040280);

-- --------------------------------------------------------

--
-- Estrutura da tabela `CONT_CONTATO`
--

CREATE TABLE IF NOT EXISTS `CONT_CONTATO` (
  `CONT_IDCONTATO` int(6) NOT NULL AUTO_INCREMENT,
  `PESS_IDPESSOA` int(6) NOT NULL,
  `CONT_NRTELEFONERESIDENCIAL` int(12) NOT NULL,
  `CONT_NRTELEFONECOMERCIAL` int(12) NOT NULL,
  `CONT_NRTELEFONEFAX` int(12) NOT NULL,
  `CONT_NRCELULAR` int(13) NOT NULL,
  `CONT_NRCELULARALTERNATIVO` int(13) NOT NULL,
  `CONT_NRRADIO` int(13) NOT NULL,
  `CONT_DCEMAIL` varchar(50) COLLATE utf8_unicode_ci NOT NULL,
  `CONT_DCEMAILALTERNATIVO` varchar(50) COLLATE utf8_unicode_ci NOT NULL,
  `CONT_NRTELEFONECOMERCIALALTERNATIVO` int(12) NOT NULL,
  `CONT_DCSITE` char(30) COLLATE utf8_unicode_ci NOT NULL,
  `CLIE_IDCLIENTE` int(6) NOT NULL,
  `CONT_DLNOMEOBSERVACAOCONTATO` varchar(350) COLLATE utf8_unicode_ci NOT NULL,
  PRIMARY KEY (`CONT_IDCONTATO`,`PESS_IDPESSOA`,`CONT_NRTELEFONERESIDENCIAL`,`CONT_NRTELEFONECOMERCIAL`,`CONT_NRTELEFONEFAX`,`CONT_NRCELULAR`,`CONT_NRCELULARALTERNATIVO`,`CONT_NRRADIO`,`CONT_DCEMAIL`,`CONT_DCEMAILALTERNATIVO`)
) ENGINE=MyISAM  DEFAULT CHARSET=utf8 COLLATE=utf8_unicode_ci AUTO_INCREMENT=28 ;

--
-- Extraindo dados da tabela `CONT_CONTATO`
--

INSERT INTO `CONT_CONTATO` (`CONT_IDCONTATO`, `PESS_IDPESSOA`, `CONT_NRTELEFONERESIDENCIAL`, `CONT_NRTELEFONECOMERCIAL`, `CONT_NRTELEFONEFAX`, `CONT_NRCELULAR`, `CONT_NRCELULARALTERNATIVO`, `CONT_NRRADIO`, `CONT_DCEMAIL`, `CONT_DCEMAILALTERNATIVO`, `CONT_NRTELEFONECOMERCIALALTERNATIVO`, `CONT_DCSITE`, `CLIE_IDCLIENTE`, `CONT_DLNOMEOBSERVACAOCONTATO`) VALUES
(1, 17, 32323358, 32223455, 32322222, 982820909, 978765433, 66, 'mauriciogadelha@gmail.com', 'gadelha@hotmail.com', 0, '', 0, '0'),
(2, 20, 34065050, 32383838, 0, 997889966, 0, 758, 'lara@globo.com.br', 'lara.rogerio@gmail.com', 0, '', 0, '0'),
(3, 23, 34061717, 33445566, 0, 978786565, 988997767, 0, 'felipelima@terra.com.br', '', 0, '', 0, '0'),
(4, 39, 0, 32322235, 0, 999876775, 0, 0, 'pessoajo@terra.com.br', 'joaopessoa@outlook.com', 0, '', 0, '0'),
(5, 27, 32457689, 32334432, 32334433, 978099009, 987787654, 77, 'andreymessias88@gmail.com', 'messias.pinheiro@terra.com.br', 0, '', 0, '0'),
(6, 30, 43564323, 34557685, 0, 981087766, 0, 0, 'caio@gmai.com', 'caiocesarsouza@hotmail.com.br', 0, '', 0, '0'),
(7, 12, 33442323, 34078998, 34078999, 997786543, 998877665, 33, 'godois_ingrid@gmail.com', '', 0, '', 0, '0'),
(8, 9, 0, 32337788, 0, 988556674, 0, 0, 'isaalmeida_75@hotmail.com', 'iza_almeida@globo.com', 0, '', 0, '0'),
(9, 21, 34061919, 0, 0, 988453278, 0, 0, 'carla.lobinha@hotmail.com', '', 0, '', 0, '0'),
(10, 35, 33557879, 0, 0, 0, 0, 789, 'breno_tigrinho@hotmail.com', 'breno.camargo@terra.com.br', 0, '', 0, '0'),
(11, 4, 32456776, 32323232, 0, 982938475, 0, 0, 'renatovis@gmail.com', 'renata.neves@terra.com.br', 0, '', 0, '0'),
(12, 40, 34456578, 32338833, 32323850, 988775432, 981819878, 23, 'lucas_reis90@hotmail.com', 'lucas.reis@outlook.com.br', 0, '', 0, '0'),
(13, 31, 35674553, 32558998, 32558991, 996788998, 981515112, 13, 'breno.breno@gmail.com', 'breno.camargo_78@globo.com', 0, '', 0, '0'),
(14, 6, 0, 32445566, 0, 998976554, 0, 0, 'jurema_santos.santos@terra.com.br', '', 0, '', 0, '0'),
(15, 47, 0, 32334444, 0, 0, 0, 0, 'contato@lego.com.br', '', 0, 'www.lego.com', 0, '0'),
(16, 48, 0, 1535766554, 0, 0, 0, 0, 'nikecontato@nike.com', '', 1545567676, 'www.nike.com.br', 0, '0'),
(17, 49, 0, 115432211, 0, 0, 0, 0, 'contato@google.com', '', 0, 'www.google.com.br', 0, '0'),
(18, 46, 0, 0, 0, 0, 0, 0, 'faleconosco@antarctica.com.br', '', 0, '', 0, '0'),
(19, 45, 0, 0, 0, 0, 0, 0, 'contatoambev@ambev.com', '', 0, 'www.ambev.com', 0, '0'),
(20, 44, 0, 0, 0, 0, 0, 0, 'contact@amazon.com', '', 0, 'www.amazon.com', 0, '0'),
(21, 51, 0, 1151525667, 1151525669, 0, 0, 0, 'contato@unilever.com.br', '', 0, 'www.uniliver.com.br', 0, '0'),
(22, 52, 1332322222, 1332223221, 0, 0, 0, 0, 'contato@cocacola.com.br', '', 0, 'www.cocacola.com', 0, '0'),
(23, 66, 1334566565, 0, 0, 0, 0, 0, 'contato@azulseguros.com', '', 0, 'www.portoseguros.com.br', 0, '0'),
(24, 61, 0, 1134523232, 0, 0, 0, 0, '', '', 0, 'www.ipiranga.com.br', 0, '0'),
(25, 62, 0, 0, 0, 0, 0, 0, 'contact@bohemia.com', '', 0, 'www.bohemia.com', 0, '0'),
(26, 63, 1345678998, 0, 0, 0, 0, 0, 'contato@casasbahia.com.br', '', 0, 'www.casasbahias.com.br', 0, '0'),
(27, 64, 2147483647, 0, 0, 0, 0, 0, 'contato@americanas.com.br', '', 0, 'www.lojasamericanas.com.br', 0, '0');

-- --------------------------------------------------------

--
-- Estrutura da tabela `COVI_CONTROLEVIAGEM`
--

CREATE TABLE IF NOT EXISTS `COVI_CONTROLEVIAGEM` (
  `COVI_IDCONTROLEVIAGEM` int(6) NOT NULL AUTO_INCREMENT,
  `VIAG_IDVIAGEM` int(6) NOT NULL,
  `COVI_NRREFERENCIAVIAGEM` int(6) NOT NULL,
  `COVI_DCSITUACAOVIAGEM` char(30) COLLATE utf8_unicode_ci NOT NULL,
  PRIMARY KEY (`COVI_IDCONTROLEVIAGEM`,`VIAG_IDVIAGEM`,`COVI_NRREFERENCIAVIAGEM`,`COVI_DCSITUACAOVIAGEM`)
) ENGINE=MyISAM  DEFAULT CHARSET=utf8 COLLATE=utf8_unicode_ci AUTO_INCREMENT=41 ;

--
-- Extraindo dados da tabela `COVI_CONTROLEVIAGEM`
--

INSERT INTO `COVI_CONTROLEVIAGEM` (`COVI_IDCONTROLEVIAGEM`, `VIAG_IDVIAGEM`, `COVI_NRREFERENCIAVIAGEM`, `COVI_DCSITUACAOVIAGEM`) VALUES
(1, 1, 1, 'INICIADA'),
(2, 2, 2, 'FINALIZADA'),
(3, 3, 3, 'EM ANDAMENTO'),
(4, 4, 4, 'INICIADA'),
(5, 5, 5, 'INICIADA'),
(6, 6, 6, 'INICIADA'),
(7, 7, 7, 'INICIADA'),
(8, 8, 8, 'FINALIZADA'),
(9, 9, 9, 'EM ANDAMENTO'),
(10, 10, 10, 'EM ANDAMENTO'),
(11, 11, 11, 'INICIADA'),
(12, 12, 12, 'INICIADA'),
(13, 13, 13, 'FINALIZADA'),
(14, 14, 14, 'INICIADA'),
(15, 15, 15, 'INICIADA'),
(16, 16, 16, 'INICIADA'),
(17, 17, 17, 'EM ANDAMENTO'),
(18, 18, 18, 'EM ANDAMENTO'),
(19, 19, 19, 'EM ANDAMENTO'),
(20, 20, 20, 'INICIADA'),
(21, 21, 21, 'FINALIZADA'),
(22, 22, 22, 'INICIADA'),
(23, 23, 23, 'INICIADA'),
(24, 24, 24, 'INICIADA'),
(25, 25, 25, 'FINALIZADA'),
(26, 26, 26, 'INICIADA'),
(27, 27, 27, 'INICIADA'),
(28, 28, 28, 'INICIADA'),
(29, 29, 29, 'INICIADA'),
(30, 30, 30, 'INICIADA'),
(31, 31, 31, 'EM ANDAMENTO'),
(32, 32, 32, 'EM ANDAMENTO'),
(33, 33, 33, 'EM ANDAMENTO'),
(34, 34, 34, 'EM ANDAMENTO'),
(35, 35, 35, 'EM ANDAMENTO'),
(36, 36, 36, 'EM ANDAMENTO'),
(37, 37, 37, 'INICIADA'),
(38, 38, 38, 'INICIADA'),
(39, 39, 39, 'INICIADA'),
(40, 40, 40, 'INICIADA');

-- --------------------------------------------------------

--
-- Estrutura da tabela `CUSE_CUSTOSERVICO`
--

CREATE TABLE IF NOT EXISTS `CUSE_CUSTOSERVICO` (
  `CUSE_IDCUSTOSERVICO` int(6) NOT NULL AUTO_INCREMENT,
  `SERV_IDSERVICO` int(6) NOT NULL,
  `CUSE_DTINICIOCUSTOSERVICO` date NOT NULL,
  `CUSE_DTFIMCUSTOSERVICO` date NOT NULL,
  `CUST_IDCUSTO` int(6) NOT NULL,
  PRIMARY KEY (`CUSE_IDCUSTOSERVICO`,`SERV_IDSERVICO`,`CUSE_DTINICIOCUSTOSERVICO`,`CUSE_DTFIMCUSTOSERVICO`)
) ENGINE=MyISAM  DEFAULT CHARSET=utf8 COLLATE=utf8_unicode_ci AUTO_INCREMENT=5 ;

--
-- Extraindo dados da tabela `CUSE_CUSTOSERVICO`
--

INSERT INTO `CUSE_CUSTOSERVICO` (`CUSE_IDCUSTOSERVICO`, `SERV_IDSERVICO`, `CUSE_DTINICIOCUSTOSERVICO`, `CUSE_DTFIMCUSTOSERVICO`, `CUST_IDCUSTO`) VALUES
(1, 1, '2015-03-09', '2015-03-11', 1),
(2, 1, '2015-03-09', '2015-03-11', 2),
(3, 2, '2015-03-24', '2015-03-31', 8),
(4, 3, '2015-03-01', '2015-03-14', 5);

-- --------------------------------------------------------

--
-- Estrutura da tabela `CUST_CUSTO`
--

CREATE TABLE IF NOT EXISTS `CUST_CUSTO` (
  `CUST_IDCUSTO` int(6) NOT NULL AUTO_INCREMENT,
  `CUST_DLNOMECUSTO` varchar(50) COLLATE utf8_unicode_ci NOT NULL,
  `CUST_VLCUSTO` double(10,0) NOT NULL,
  PRIMARY KEY (`CUST_IDCUSTO`,`CUST_DLNOMECUSTO`,`CUST_VLCUSTO`)
) ENGINE=MyISAM  DEFAULT CHARSET=utf8 COLLATE=utf8_unicode_ci AUTO_INCREMENT=10 ;

--
-- Extraindo dados da tabela `CUST_CUSTO`
--

INSERT INTO `CUST_CUSTO` (`CUST_IDCUSTO`, `CUST_DLNOMECUSTO`, `CUST_VLCUSTO`) VALUES
(1, 'Almoço', 20),
(2, 'Jantar', 25),
(3, 'Ajudante', 70),
(4, 'Incentivo Sábado', 100),
(5, 'Incentivo D / F', 150),
(6, 'Pernoite', 60),
(7, 'Corda', 40),
(8, 'Lona', 25),
(9, 'Viagem', 10);

-- --------------------------------------------------------

--
-- Estrutura da tabela `DEFE_DEFEITO`
--

CREATE TABLE IF NOT EXISTS `DEFE_DEFEITO` (
  `DEFE_IDDEFEITO` int(6) NOT NULL AUTO_INCREMENT,
  `DEFE_SGDEFEITO` char(5) COLLATE utf8_unicode_ci NOT NULL,
  `DEFE_DLNOMEDEFEITO` varchar(50) COLLATE utf8_unicode_ci NOT NULL,
  PRIMARY KEY (`DEFE_IDDEFEITO`,`DEFE_SGDEFEITO`,`DEFE_DLNOMEDEFEITO`)
) ENGINE=MyISAM  DEFAULT CHARSET=utf8 COLLATE=utf8_unicode_ci AUTO_INCREMENT=51 ;

--
-- Extraindo dados da tabela `DEFE_DEFEITO`
--

INSERT INTO `DEFE_DEFEITO` (`DEFE_IDDEFEITO`, `DEFE_SGDEFEITO`, `DEFE_DLNOMEDEFEITO`) VALUES
(1, 'AM', 'AMASSADO'),
(2, 'AQ', 'ATAQUE QUÍMICO'),
(3, 'AL', 'AVARIA LEVE'),
(4, 'BA', 'BOLHA DE AR'),
(5, 'CRE', 'CARCAÇA RESSECADA'),
(6, 'CR', 'CORROSÃO'),
(7, 'CL', 'CORTE LATERAL'),
(8, 'CT', 'CORTE'),
(9, 'DS', 'DESALINHADO'),
(10, 'DC', 'DESCALIBRADO'),
(11, 'DE', 'DESGASTE EXCESSIVO'),
(12, 'DF', 'DEFORMADO'),
(13, 'DI', 'DESGASTE IRREGULAR'),
(14, 'DR', 'DESRREGULADO'),
(15, 'DT', 'DESTACAMENTO DO TALÃO'),
(16, 'EC', 'EM CURTO'),
(17, 'EN', 'ENCAVALADO'),
(18, 'ES', 'ESTOURADO'),
(19, 'FL', 'FALTANDO'),
(20, 'FÇ', 'FORÇADO'),
(21, 'FF', 'FORA DE FUNCIONAMENTO'),
(22, 'FR', 'FROUXO'),
(23, 'FU', 'FURADO'),
(24, 'ILG', 'ILEGÍVEL'),
(25, 'IN', 'INOPERANTE'),
(26, 'IT', 'INUTILIZADO'),
(27, 'LI', 'LISO'),
(28, 'LR', 'LACRE ROMPIDO'),
(29, 'OC', 'OMBRO CORTADO'),
(30, 'OQ', 'OMBRO QUEBRADO'),
(31, 'OK', 'FROTA OK'),
(32, 'NE', 'NÃO ENCAIXA'),
(33, 'QB', 'QUEBRADO'),
(34, 'RA', 'RACHADURA'),
(35, 'RE', 'RODOU EM EXCESSO'),
(36, 'RG', 'RASGO'),
(37, 'RI', 'REPARO IMPRÓPRIO'),
(38, 'RV', 'RODOU VAZIO'),
(39, 'SC', 'SOLTANDO CONCERTO'),
(41, 'SE', 'SELADA'),
(42, 'SR', 'SOLTANDO RECAPAGEM'),
(43, 'SRS', 'SEMIRREBOQUE SUJO'),
(44, 'TQB', 'TALÃO QUEBRADO'),
(45, 'TP', 'TIP-TOP'),
(46, 'TQ', 'TALÃO QUEIMADO'),
(47, 'TR', 'TRINCA'),
(48, 'TV', 'TRAVANDO'),
(49, 'VL', 'VIOLADO'),
(50, 'VZ', 'VAZANDO');

-- --------------------------------------------------------

--
-- Estrutura da tabela `DEPE_DEPENDENTE`
--

CREATE TABLE IF NOT EXISTS `DEPE_DEPENDENTE` (
  `DEPE_IDDEPENDENTE` int(6) NOT NULL AUTO_INCREMENT,
  `PESS_IDPESSOA` int(6) NOT NULL,
  `TIPO_IDTIPODEPENDENTE` int(6) NOT NULL,
  `DEPE_DLNOMEDEPENDENTE` varchar(50) COLLATE utf8_unicode_ci NOT NULL,
  `DEPE_STDEPENDENTE` tinyint(1) NOT NULL,
  PRIMARY KEY (`DEPE_IDDEPENDENTE`,`PESS_IDPESSOA`,`TIPO_IDTIPODEPENDENTE`,`DEPE_DLNOMEDEPENDENTE`,`DEPE_STDEPENDENTE`)
) ENGINE=MyISAM  DEFAULT CHARSET=utf8 COLLATE=utf8_unicode_ci AUTO_INCREMENT=41 ;

--
-- Extraindo dados da tabela `DEPE_DEPENDENTE`
--

INSERT INTO `DEPE_DEPENDENTE` (`DEPE_IDDEPENDENTE`, `PESS_IDPESSOA`, `TIPO_IDTIPODEPENDENTE`, `DEPE_DLNOMEDEPENDENTE`, `DEPE_STDEPENDENTE`) VALUES
(1, 1, 1, 'Alice de Almeida', 1),
(2, 1, 1, 'Alice de Almeida', 1),
(3, 1, 3, 'Maria Rita de Almeida', 1),
(4, 1, 5, 'Rosana de Almeida', 1),
(5, 1, 5, 'Rosana de Almeida', 1),
(6, 1, 5, 'Rosana de Almeida', 1),
(7, 2, 1, 'Paola Baleco', 1),
(8, 2, 5, 'Joana Baleco', 1),
(9, 3, 3, 'Renata Ita', 1),
(10, 3, 2, 'Gustavo Ita', 1),
(11, 16, 1, 'Lorenzo Vianna', 1),
(12, 16, 1, 'Guilherme Vianna', 0),
(13, 16, 1, 'Nicolas Vianna', 1),
(14, 26, 6, 'Ying Lobo', 1),
(15, 20, 5, 'Rubens Lara', 1),
(16, 21, 5, 'Paula Wales', 1),
(17, 14, 5, 'Carla Santos', 0),
(18, 14, 5, 'Aparecida Silva', 0),
(19, 14, 5, 'Rogéria Santiago', 0),
(20, 14, 5, 'Jhon Carlos Lobo', 1),
(21, 12, 6, 'Rita Godois', 0),
(22, 12, 1, 'Augusta Godois', 0),
(23, 12, 2, 'Paulo Godois', 1),
(24, 23, 5, 'Flávia Lima', 1),
(25, 23, 4, 'Manoel Lima', 1),
(26, 24, 5, 'Roberto Lobo', 1),
(27, 24, 3, 'Luisa Watezeck', 1),
(28, 24, 4, 'Ronaldo Watezeck', 0),
(29, 24, 1, 'Paula Watezeck', 1),
(30, 24, 1, 'Paulo Watezeck', 1),
(31, 32, 5, 'Richard  Zilic', 1),
(32, 32, 1, 'Nicole Zoletti', 1),
(33, 39, 3, 'Fátima Pessoa', 1),
(34, 39, 6, 'Claúdia Pessoa', 1),
(35, 40, 4, 'João Reis', 1),
(36, 40, 3, 'Marta Reis', 1),
(37, 33, 1, 'Lucas Fag', 1),
(38, 34, 4, 'Ricardo Ramos', 0),
(39, 27, 5, 'Joana Messias', 1),
(40, 4, 5, 'Alberto Neves', 0);

-- --------------------------------------------------------

--
-- Estrutura da tabela `DISP_DISPONIBILIDADE`
--

CREATE TABLE IF NOT EXISTS `DISP_DISPONIBILIDADE` (
  `DISP_IDDISPONIBILIDADE` int(6) NOT NULL AUTO_INCREMENT,
  `VEIC_IDVEICULO` int(6) NOT NULL,
  `EQUI_IDEQUIPAMENTO` int(6) NOT NULL,
  `FUNC_IDFUNCIONARIO` int(6) NOT NULL,
  PRIMARY KEY (`DISP_IDDISPONIBILIDADE`)
) ENGINE=MyISAM  DEFAULT CHARSET=utf8 COLLATE=utf8_unicode_ci AUTO_INCREMENT=3 ;

-- --------------------------------------------------------

--
-- Estrutura da tabela `EMPR_EMPRESA`
--

CREATE TABLE IF NOT EXISTS `EMPR_EMPRESA` (
  `EMPR_IDEMPRESA` int(6) NOT NULL AUTO_INCREMENT,
  `TIEM_IDTIPOEMPRESA` int(6) NOT NULL,
  `UNOR_IDUNIDADEORGANIZACIONAL` int(6) NOT NULL,
  `PEDJ_IDPESSOADADOJURIDICO` int(6) NOT NULL,
  `COAC_IDCONTROLEACESSO` int(6) NOT NULL,
  `PESS_IDPESSOA` int(6) NOT NULL,
  `FROT_IDFROTA` int(6) NOT NULL,
  PRIMARY KEY (`EMPR_IDEMPRESA`,`TIEM_IDTIPOEMPRESA`,`UNOR_IDUNIDADEORGANIZACIONAL`,`PEDJ_IDPESSOADADOJURIDICO`,`COAC_IDCONTROLEACESSO`,`PESS_IDPESSOA`,`FROT_IDFROTA`)
) ENGINE=MyISAM  DEFAULT CHARSET=utf8 COLLATE=utf8_unicode_ci AUTO_INCREMENT=26 ;

--
-- Extraindo dados da tabela `EMPR_EMPRESA`
--

INSERT INTO `EMPR_EMPRESA` (`EMPR_IDEMPRESA`, `TIEM_IDTIPOEMPRESA`, `UNOR_IDUNIDADEORGANIZACIONAL`, `PEDJ_IDPESSOADADOJURIDICO`, `COAC_IDCONTROLEACESSO`, `PESS_IDPESSOA`, `FROT_IDFROTA`) VALUES
(1, 2, 0, 5, 0, 42, 0),
(2, 2, 0, 6, 0, 43, 0),
(3, 2, 0, 7, 0, 44, 0),
(4, 2, 0, 8, 0, 45, 0),
(5, 1, 0, 9, 0, 46, 0),
(6, 1, 0, 10, 0, 47, 0),
(7, 1, 0, 11, 0, 48, 0),
(8, 1, 0, 12, 0, 49, 0),
(9, 1, 0, 13, 0, 50, 0),
(10, 2, 0, 14, 0, 51, 0),
(11, 1, 0, 15, 0, 52, 0),
(12, 1, 0, 16, 0, 53, 0),
(13, 1, 0, 17, 0, 54, 0),
(14, 1, 0, 18, 0, 55, 0),
(15, 2, 0, 19, 0, 56, 0),
(16, 1, 0, 20, 0, 57, 0),
(17, 2, 0, 21, 0, 58, 0),
(18, 2, 0, 22, 0, 59, 0),
(19, 1, 0, 23, 0, 60, 0),
(20, 1, 0, 24, 0, 61, 0),
(21, 1, 0, 25, 0, 62, 0),
(22, 1, 0, 26, 0, 63, 0),
(23, 2, 0, 27, 0, 64, 0),
(24, 2, 0, 28, 0, 65, 0),
(25, 1, 0, 29, 0, 66, 0);

-- --------------------------------------------------------

--
-- Estrutura da tabela `EQUI_EQUIPAMENTO`
--

CREATE TABLE IF NOT EXISTS `EQUI_EQUIPAMENTO` (
  `EQUI_IDEQUIPAMENTO` int(6) unsigned zerofill NOT NULL AUTO_INCREMENT,
  `TIEQ_IDTIPOEQUIPAMENTO` int(6) unsigned zerofill NOT NULL,
  `EQUI_DTANOFABRICACAOEQUIPAMENTO` year(4) NOT NULL,
  `EQUI_DTANOMODELOFABRICACAOEQUIPAMENTO` year(4) NOT NULL,
  `EQUI_DLNOMEMODELOEQUIPAMENTO` varchar(50) COLLATE utf8_unicode_ci NOT NULL,
  `EQUI_DLNOMEFABRICANTEEQUIPAMENTO` varchar(50) COLLATE utf8_unicode_ci NOT NULL,
  `EQUI_DCCOREQUIPAMENTO` char(30) COLLATE utf8_unicode_ci NOT NULL,
  `EQUI_KGTARAEQUIPAMENTO` double NOT NULL,
  `EQUI_KGLOTACAOEQUIPAMENTO` double NOT NULL,
  `EQUI_NRPLACAEQUIPAMENTO` char(8) COLLATE utf8_unicode_ci NOT NULL,
  `EQUI_NRRENAVAMEQUIPAMENTO` char(11) COLLATE utf8_unicode_ci NOT NULL,
  `EQUI_NRCHASSIEQUIPAMENTO` char(17) COLLATE utf8_unicode_ci NOT NULL,
  `EQUI_NRANTTEQUIPAMENTO` int(8) NOT NULL,
  `EQUI_DTVENCIMENTORENAVAMEQUIPAMENTO` date NOT NULL,
  `EQUI_NRKILOMETRAGEMEQUIPAMENTO` int(7) NOT NULL,
  `EQUI_NRFROTAEQUIPAMENTO` char(10) COLLATE utf8_unicode_ci NOT NULL,
  `EQUI_DTVENCIMENTOCAPACITACAOEQUIPAMENTO` date NOT NULL,
  `PESS_IDPESSOA` int(6) NOT NULL,
  PRIMARY KEY (`EQUI_IDEQUIPAMENTO`,`TIEQ_IDTIPOEQUIPAMENTO`)
) ENGINE=MyISAM  DEFAULT CHARSET=utf8 COLLATE=utf8_unicode_ci AUTO_INCREMENT=42 ;

--
-- Extraindo dados da tabela `EQUI_EQUIPAMENTO`
--

INSERT INTO `EQUI_EQUIPAMENTO` (`EQUI_IDEQUIPAMENTO`, `TIEQ_IDTIPOEQUIPAMENTO`, `EQUI_DTANOFABRICACAOEQUIPAMENTO`, `EQUI_DTANOMODELOFABRICACAOEQUIPAMENTO`, `EQUI_DLNOMEMODELOEQUIPAMENTO`, `EQUI_DLNOMEFABRICANTEEQUIPAMENTO`, `EQUI_DCCOREQUIPAMENTO`, `EQUI_KGTARAEQUIPAMENTO`, `EQUI_KGLOTACAOEQUIPAMENTO`, `EQUI_NRPLACAEQUIPAMENTO`, `EQUI_NRRENAVAMEQUIPAMENTO`, `EQUI_NRCHASSIEQUIPAMENTO`, `EQUI_NRANTTEQUIPAMENTO`, `EQUI_DTVENCIMENTORENAVAMEQUIPAMENTO`, `EQUI_NRKILOMETRAGEMEQUIPAMENTO`, `EQUI_NRFROTAEQUIPAMENTO`, `EQUI_DTVENCIMENTOCAPACITACAOEQUIPAMENTO`, `PESS_IDPESSOA`) VALUES
(000001, 000002, 2012, 2012, 'SEMIRREBOQUE ', 'RANDON', 'PRETA', 6000, 20000, 'DBB-3011', '2147483647', '9BWCA11A1Y4000002', 23145876, '2015-09-20', 20310, 'EQ-40444', '2015-03-28', 0),
(000002, 000001, 2013, 2014, 'SEMIRREBOQUE PORTA CONTAINER', 'FACCHINI', 'VERDE', 6000, 20000, 'DVS-2547', '2147483647', '9BWCA11A1Y2000001', 23145867, '2015-08-20', 25654, 'EQ-40445', '2015-10-28', 0),
(000003, 000011, 2013, 2014, 'SEMIRREBOQUE PORTA CONTAINER', 'FACCHINI', 'VERDE', 6000, 20000, 'ESO-1598', '25489753472', '9BWCA11A1Y4000001', 23145888, '2015-11-19', 25666, 'EQ-40446', '2015-11-10', 0),
(000004, 000006, 2009, 2009, 'SEMIRREBOQUE CARREGA TUDO', 'FACCHINI', 'AMARELA', 10000, 50000, 'FEI-6547', '25489753579', '9BWCA11A1Y5000005', 231458999, '2015-12-30', 256888, 'EQ-40447', '2015-10-10', 0),
(000005, 000004, 2015, 2015, 'SEMIRREBOQUE FURGÃO LONADO', 'RANDON', 'AZUL', 6000, 20000, 'FEY-2145', '25489753587', '9BWCA11A1Y7000009', 23145456, '2015-12-02', 689, 'EQ-40448', '2015-09-10', 0),
(000006, 000007, 2010, 2010, 'SEMIRREBOQUE BASCULANTE AMÉRICA', 'FACCHINI', 'BRANCA', 6000, 20000, 'FKS-3212', '25489753473', '9BWCA11A1Y4000001', 23145123, '2015-08-30', 256457, 'EQ-40449', '2015-08-30', 0),
(000007, 000005, 2014, 2014, 'SEMIRREBOQUE FURGÃO CARGA SECA', 'RANDON', 'BRANCA', 7000, 21000, 'FKS-6879', '2147483457', '9BWCA11A1Y5000001', 23145223, '2015-07-20', 2012, 'EQ-40450', '2015-10-30', 0),
(000008, 000008, 2015, 2015, 'SEMIRREBOQUE GRANELEIRO', 'GUERRA', 'BRANCA', 6000, 21000, 'FKS-3999', '2147483777', '9BWCA11A1Y5000006', 23144456, '2015-12-30', 745, 'EQ-40450', '2015-11-30', 0),
(000009, 000010, 2014, 2014, 'SEMIRREBOQUE PORTA CONTAINER', 'GUERRA', 'BRANCA', 6000, 21000, 'FKS-9858', '2147483999', '9BWCA22A1Y5000001', 23146645, '2015-11-30', 1689, 'EQ-20451', '2015-11-30', 0),
(000010, 000003, 2015, 2015, 'SEMIRREBOQUE CARGA SECA', 'GUERRA', 'BRANCA', 6000, 21000, 'FKS-6698', '2147482123', '9BWCA11A1Y5000003', 23144123, '2015-12-30', 6892, 'EQ-40455', '2015-11-30', 0),
(000011, 000009, 2012, 2012, 'SEMIRREBOQUE PARA COMBUSTÍVEIS', 'RANDON', 'VERMELHA', 8000, 22000, 'FEY-6654', '2147483212', '9BWCA21A1Y7000002', 23145466, '2015-10-30', 20378, 'EQ-40466', '2015-10-31', 0),
(000012, 000012, 2013, 2013, 'SEMIRREBOQUE CARGA SECA', 'FACCHINI', 'BRANCA', 6000, 21000, 'FKS-6666', '74821232530', '9BWCA11A1Y5000008', 23145987, '2015-08-30', 6892, 'EQ-40456', '2015-11-30', 0),
(000013, 000010, 2014, 2014, 'SEMIRREBOQUE PORTA CONTAINER', 'FACCHINI', 'VERDE', 6000, 21000, 'FKS-3213', '2147483031', '9BWCB21A1Y4000001', 25478965, '2015-12-31', 100236, 'EQ-20325', '2015-10-30', 0),
(000014, 000010, 2014, 2014, 'SEMIRREBOQUE PORTA CONTAINER', 'RANDON', 'BRANCA', 6000, 20000, 'FEI-3062', '2147480234', '9BWCA11A1Y4012312', 23145032, '2015-09-30', 20987, 'EQ-204450', '2015-11-30', 0),
(000015, 000011, 2014, 2014, 'SEMIRREBOQUE PORTA CONTAINER', 'FACCHINI', 'BRANCA', 6000, 20000, 'AJA-1232', '2147483125', '9BWCA11A1Y4023498', 23145754, '2015-12-30', 30310, 'EQ-40458', '2015-11-30', 0),
(000016, 000011, 2015, 2015, 'SEMIRREBOQUE PORTA CONTAINER', 'GUERRA', 'VERDE', 10000, 22000, 'EFF-9874', '3648483647', '9BWCA11A1Y3695421', 23178954, '2015-08-30', 40310, 'EQ-40459', '2015-09-30', 0),
(000017, 000011, 2014, 2014, 'SEMIRREBOQUE PORTA CONTAINER', 'FACCHINI', 'PRETA', 7000, 22000, 'LFM-4587', '3654783647', '9BWBA11A1Y5000002', 23145012, '2015-09-30', 203100, 'EQ-40460', '2015-10-30', 0),
(000018, 000006, 2012, 2012, 'SEMIRREBOQUE CARREGA TUDO', 'FACCHINI', 'BRANCA', 10000, 50000, 'ELO-4563', '25489753654', '9BWCA11A1Y4001879', 23147845, '2015-09-30', 30987, 'EQ-50654', '2015-11-30', 0),
(000019, 000004, 2013, 2013, 'SEMIRREBOQUE FURGÃO LONADO', 'RANDON', 'AZUL', 7000, 21000, 'NFE-7821', '2147483012', '9BWCA11A1Y4000478', 23143214, '2015-10-31', 40154, 'EQ-60544', '2015-09-30', 0),
(000020, 000003, 2014, 2014, 'SEMIRREBOQUE CARGA SECA', 'GUERRA', 'VERMELHA', 6000, 21000, 'FEY-2198', '2147483698', '9BWCA11A1Y2000987', 23146789, '2015-08-31', 16812, 'EQ-40987', '2015-11-30', 0),
(000021, 000005, 2014, 2014, 'BAÚ FURGÃO', 'FACCHINI', 'PRETA', 6000, 21000, 'FRE-4698', '2147484792', '9BWCA11A1Y4000254', 23143215, '2015-10-31', 12365, 'EQ-40548', '2015-12-31', 0),
(000022, 000011, 2014, 2014, 'SEMIRREBOQUE PORTA CONTAINER', 'RANDON', 'BRANCA', 6000, 20000, 'DBB-3044', '2147483698', '9BWCA11A1Y4001254', 23112457, '2015-12-30', 20587, 'EQ-40550', '2015-08-30', 0),
(000023, 000011, 2012, 2012, 'SEMIRREBOQUE PORTA CONTAINER', 'RANDON', 'BRANCA', 6000, 20000, 'DBB-4369', '2147489873', '9BWCA11A1Y4003698', 23145321, '2015-12-30', 30014, 'EQ-40551', '2015-10-30', 0),
(000024, 000010, 2013, 2014, 'SEMIRREBOQUE PORTA CONTAINER', 'FACCHINI', 'VERDE', 6000, 20000, 'AQR-3298', '2147480147', '9BWCA11A1Y7893254', 31447885, '2015-08-30', 90310, 'EQ-40714', '2015-08-30', 0),
(000025, 000010, 2014, 2014, 'SEMIRREBOQUE PORTA CONTAINER', 'FACCHINI', 'BRANCA', 6000, 21000, 'FKA-6699', '2147483014', '9BWCA11A1Y4006547', 23143258, '2015-10-31', 10020, 'EQ-40553', '2015-11-30', 0),
(000026, 000007, 2014, 2014, 'SEMIRREBOQUE BASCULANTE AMÉRICA', 'RANDON', 'VERDE', 6000, 21000, 'LMN-2214', '8744454836', '9MACA11A1Y4000009', 31414785, '2015-10-31', 16890, 'EQ-40554', '2015-11-30', 0),
(000027, 000008, 2013, 2014, 'SEMIRREBOQUE GRANELEIRO', 'GUERRA', 'PRETA', 7000, 22000, 'FGH-4658', '36945712548', '9BWCA22P1Y4000001', 78456321, '2015-12-30', 203100, 'EQ-40555', '2015-08-30', 0),
(000028, 000012, 2012, 2012, 'SEMIRREBOQUE CARGA SECA', 'FACCHINI', 'AZUL', 6000, 21000, 'LMC-3654', '32159764532', '9MDFR11A1Y4000001', 98756412, '2015-09-20', 103100, 'EQ-40556', '2015-08-30', 0),
(000029, 000010, 2014, 2014, 'SEMIRREBOQUE PORTA CONTAINER', 'GUERRA', 'BRANCA', 6000, 20000, 'DVS-4578', '65498732154', '9BWCA11A1Y400097', 23143254, '2015-12-30', 203125, 'EQ-40557', '2015-03-28', 0),
(000030, 000011, 2014, 2014, 'SEMIRREBOQUE PORTA CONTAINER', 'RANDON', 'BRANCA', 7000, 22000, 'DVS-2599', '2147483214', '9BWCA11A1Y4006548', 24786958, '2015-12-30', 18310, 'EQ-40558', '2015-09-10', 0),
(000031, 000011, 2014, 2014, 'SEMIRREBOQUE PORTA CONTAINER', 'FACCHINI', 'VERDE', 6000, 21000, 'ESO-1321', '2147481478', '9BWCA11A1Y3900009', 23145784, '2015-12-30', 203105, 'EQ-40559', '2015-10-30', 0),
(000032, 000010, 2014, 2014, 'SEMIRREBOQUE PORTA CONTAINER', 'RANDON', 'AZUL', 6000, 22000, 'FEY-6547', '2147481479', '9BWCA11A1Y4012303', 23145010, '2015-09-20', 36547, 'EQ-40560', '2015-11-30', 0),
(000033, 000010, 2013, 2013, 'SEMIRREBOQUE PORTA CONTAINER', 'GUERRA', 'VERMELHA', 7000, 22000, 'FEY-2150', '2147430210', '9BWCA11A1Y4000207', 23987562, '2015-09-30', 220310, 'EQ-40561', '2015-10-28', 0),
(000034, 000003, 2013, 2013, 'SEMIRREBOQUE CARGA SECA', 'RANDON', 'AZUL', 6000, 21000, 'FNJ-4567', '65487965142', '9BWCB11A1Y7500000', 32153536, '2015-11-30', 20147, 'EQ-40562', '2015-11-30', 0),
(000035, 000003, 2014, 2014, 'SEMIRREBOQUE CARGA SECA', 'FACCHINI', 'BRANCA', 6000, 21000, 'DBB-3245', '74785896912', '9MNVF11A1Y4000021', 14574875, '2015-08-20', 203198, 'EQ-40563', '2015-11-30', 0),
(000036, 000010, 2014, 2014, 'SEMIRREBOQUE PORTA CONTAINER', 'FACCHINI', 'BRANCA', 6000, 20000, 'PQP-9988', '36541754874', '9BWCA11A1Y7250000', 365279854, '2015-08-30', 256540, 'EQ-40564', '2015-03-28', 0),
(000037, 000011, 2014, 2014, 'SEMIRREBOQUE PORTA CONTAINER', 'FACCHINI', 'PRETA', 6000, 20000, 'HLX-1234', '78456874712', '9BWCA11A1Y9870000', 54721365, '2015-09-20', 70310, 'EQ-40565', '2015-10-30', 0),
(000038, 000011, 2014, 2014, 'SEMIRREBOQUE PORTA CONTAINER', 'FACCHINI', 'VERDE', 6000, 20000, 'VAI-3214', '15436529875', '9BWCA11A1Y5000001', 21010123, '2015-12-30', 210310, 'EQ-40566', '2015-10-30', 0),
(000039, 000010, 2013, 2013, 'SEMIRREBOQUE PORTA CONTAINER', 'GUERRA', 'AZUL', 6000, 22000, 'DBB-3015', '2147483648', '9BWCA11A1Y6210009', 32156478, '2015-08-30', 2031002, 'EQ-40567', '2015-03-28', 0),
(000040, 000010, 2014, 2014, 'SEMIRREBOQUE PORTA CONTAINER', 'FACCHINI', 'VERDE', 6000, 21000, 'DBB-3019', '2147483625', '9BWCA11A1Y4050002', 23145039, '2015-12-30', 120310, 'EQ-40568', '2015-03-28', 0),
(000041, 000010, 2014, 2014, 'SEMIRREBOQUE PORTA CONTAINER', 'FACCHINI', 'BRANCA', 6000, 20000, 'DFG-4066', '2147432105', '9BWCA11A1Y0321648', 23302001, '2015-12-30', 3100, 'EQ-40569', '2015-08-30', 0);

-- --------------------------------------------------------

--
-- Estrutura da tabela `ESCA_ESCALA`
--

CREATE TABLE IF NOT EXISTS `ESCA_ESCALA` (
  `ESCA_IDESCALA` int(6) NOT NULL AUTO_INCREMENT,
  `FUNC_IDFUNCIONARIO` int(6) NOT NULL,
  `VIAG_IDVIAGEM` int(6) NOT NULL,
  `ESCA_DTESCALA` date NOT NULL,
  PRIMARY KEY (`ESCA_IDESCALA`,`FUNC_IDFUNCIONARIO`,`VIAG_IDVIAGEM`,`ESCA_DTESCALA`)
) ENGINE=MyISAM  DEFAULT CHARSET=utf8 COLLATE=utf8_unicode_ci AUTO_INCREMENT=31 ;

--
-- Extraindo dados da tabela `ESCA_ESCALA`
--

INSERT INTO `ESCA_ESCALA` (`ESCA_IDESCALA`, `FUNC_IDFUNCIONARIO`, `VIAG_IDVIAGEM`, `ESCA_DTESCALA`) VALUES
(1, 9, 2, '2015-03-20'),
(2, 10, 1, '2015-03-19'),
(3, 11, 3, '2015-03-19'),
(4, 14, 4, '2015-04-08'),
(5, 25, 5, '2015-04-06'),
(6, 29, 6, '2015-04-15'),
(7, 30, 7, '2015-04-14'),
(8, 9, 8, '2015-04-18'),
(9, 11, 9, '2015-04-23'),
(10, 30, 10, '2015-03-23'),
(11, 29, 11, '2015-03-31'),
(12, 14, 12, '2015-03-26'),
(13, 10, 13, '2015-03-29'),
(14, 11, 14, '2015-03-25'),
(15, 9, 15, '2015-03-20'),
(16, 29, 16, '2015-03-21'),
(17, 30, 17, '2015-03-23'),
(18, 14, 18, '2015-04-02'),
(19, 9, 19, '2015-04-03'),
(20, 9, 20, '2015-04-06'),
(21, 10, 21, '2015-04-07'),
(22, 11, 22, '2015-04-07'),
(23, 14, 23, '2015-04-07'),
(24, 25, 24, '2015-04-08'),
(25, 29, 25, '2015-04-08'),
(26, 30, 26, '2015-04-10'),
(27, 9, 27, '2015-03-30'),
(28, 10, 28, '2015-03-27'),
(29, 14, 29, '2015-03-25'),
(30, 30, 30, '2015-03-29');

-- --------------------------------------------------------

--
-- Estrutura da tabela `ESCI_ESTADOCIVIL`
--

CREATE TABLE IF NOT EXISTS `ESCI_ESTADOCIVIL` (
  `ESCI_IDESTADOCIVIL` int(6) NOT NULL AUTO_INCREMENT,
  `ESCI_DCNOMEESTADOCIVIL` char(30) COLLATE utf8_unicode_ci NOT NULL,
  PRIMARY KEY (`ESCI_IDESTADOCIVIL`),
  UNIQUE KEY `ESCI_DCNOMEESTADOCIVIL` (`ESCI_DCNOMEESTADOCIVIL`)
) ENGINE=MyISAM  DEFAULT CHARSET=utf8 COLLATE=utf8_unicode_ci AUTO_INCREMENT=6 ;

--
-- Extraindo dados da tabela `ESCI_ESTADOCIVIL`
--

INSERT INTO `ESCI_ESTADOCIVIL` (`ESCI_IDESTADOCIVIL`, `ESCI_DCNOMEESTADOCIVIL`) VALUES
(1, 'Solteiro(a)'),
(2, 'Casado(a)'),
(3, 'Divorciado(a)'),
(4, 'Viúvo(a)'),
(5, 'Outros');

-- --------------------------------------------------------

--
-- Estrutura da tabela `FIAB_FILIALABASTECIMENTO`
--

CREATE TABLE IF NOT EXISTS `FIAB_FILIALABASTECIMENTO` (
  `FIAB_IDFILIALABASTECIMENTO` int(6) NOT NULL AUTO_INCREMENT,
  `EMPR_IDEMPRESA` int(6) NOT NULL,
  `FUNC_IDFUNCIONARIO` int(6) NOT NULL,
  `PEEN_IDPESSOAENDERECO` int(6) NOT NULL,
  `ABAS_IDABASTECIMENTO` int(6) NOT NULL,
  `FIAB_STATUSFILIALABASTECIMENTO` tinyint(1) NOT NULL,
  PRIMARY KEY (`FIAB_IDFILIALABASTECIMENTO`)
) ENGINE=MyISAM  DEFAULT CHARSET=utf8 COLLATE=utf8_unicode_ci AUTO_INCREMENT=6 ;

--
-- Extraindo dados da tabela `FIAB_FILIALABASTECIMENTO`
--

INSERT INTO `FIAB_FILIALABASTECIMENTO` (`FIAB_IDFILIALABASTECIMENTO`, `EMPR_IDEMPRESA`, `FUNC_IDFUNCIONARIO`, `PEEN_IDPESSOAENDERECO`, `ABAS_IDABASTECIMENTO`, `FIAB_STATUSFILIALABASTECIMENTO`) VALUES
(1, 2, 4, 8, 1, 1),
(2, 2, 4, 8, 2, 1),
(3, 2, 4, 8, 3, 1),
(4, 2, 4, 8, 4, 1),
(5, 2, 4, 8, 5, 1);

-- --------------------------------------------------------

--
-- Estrutura da tabela `FROT_FROTA`
--

CREATE TABLE IF NOT EXISTS `FROT_FROTA` (
  `FROT_IDFROTA` int(6) NOT NULL AUTO_INCREMENT,
  `VEIC_IDVEICULO` int(6) NOT NULL DEFAULT '0',
  `EQUI_IDEQUIPAMENTO` int(6) NOT NULL DEFAULT '0',
  `FROT_STFROTA` char(30) COLLATE utf8_unicode_ci NOT NULL,
  `FROT_DCLOCALATUALFROTA` char(30) COLLATE utf8_unicode_ci NOT NULL,
  `FROT_DLNOMELOCALATUAL` char(50) COLLATE utf8_unicode_ci DEFAULT NULL,
  `FROT_NRFROTA` int(6) NOT NULL,
  PRIMARY KEY (`FROT_IDFROTA`,`VEIC_IDVEICULO`,`EQUI_IDEQUIPAMENTO`,`FROT_STFROTA`,`FROT_DCLOCALATUALFROTA`)
) ENGINE=MyISAM  DEFAULT CHARSET=utf8 COLLATE=utf8_unicode_ci AUTO_INCREMENT=41 ;

--
-- Extraindo dados da tabela `FROT_FROTA`
--

INSERT INTO `FROT_FROTA` (`FROT_IDFROTA`, `VEIC_IDVEICULO`, `EQUI_IDEQUIPAMENTO`, `FROT_STFROTA`, `FROT_DCLOCALATUALFROTA`, `FROT_DLNOMELOCALATUAL`, `FROT_NRFROTA`) VALUES
(1, 0, 1, 'PRÓPRIA', 'DC', 'DESENGATADO CLIENTE', 0),
(2, 1, 2, 'LOCADO', 'PP', 'PARADO PÁTIO', 0),
(3, 2, 3, 'PRÓPRIA', 'EM', 'EM MANUTENÇÃO', 0),
(4, 0, 4, 'PRÓPRIA', 'DP', 'DESENGATADO PÁTIO', 0),
(5, 4, 0, 'LOCADO', 'PC', 'PARADO CLIENTE', 0),
(6, 5, 5, 'PRÓPRIO', 'PP', 'PARADO PÁTIO', 0),
(7, 3, 0, 'PRÓPRIO', 'EM', 'EM MANUTENÇÃO', 0),
(8, 6, 0, 'LOCADO', 'DC', 'DESENGATADO CLIENTE', 0),
(9, 7, 0, 'LOCADO', 'PC', 'PARADO CLIENTE', 0),
(10, 8, 0, 'LOCADO', 'PP', 'PARADO PÁTIO', 0),
(11, 0, 6, 'LOCADO', 'EM', 'EM MANUTENÇÃO', 0),
(12, 0, 7, 'PRÓPRIO', 'EM', 'EM MANUTENÇÃO', 0),
(13, 0, 8, 'LOCADO', 'DC', 'DESENGATADO CLIENTE', 0),
(14, 9, 9, 'PRÓPRIO', 'PP', 'PARADO PÁTIO', 0),
(15, 10, 10, 'LOCADO', 'PP', 'PARADO PÁTIO', 0),
(16, 11, 11, 'PRÓPRIO', 'PP', 'PARADO PÁTIO', 0),
(17, 12, 12, 'PRÓPRIO', 'PP', 'PARADO PÁTIO', 0),
(18, 13, 0, 'PRÓPRIO', 'PP', 'PARADO PÁTIO', 0),
(19, 0, 13, 'PRÓPRIO', 'PP', 'PARADO PÁTIO', 0),
(20, 14, 14, 'PRÓPRIO', 'PP', 'PARADO PÁTIO', 0),
(21, 15, 15, 'LOCADO', 'DC', 'DESENGATADO CLIENTE', 0),
(22, 16, 16, 'LOCADO', 'PP', 'PARADO PÁTIO', 0),
(23, 17, 0, 'LOCADO', 'DC', 'DESENGATADO CLIENTE', 0),
(24, 18, 0, 'PRÓPRIO', 'DP', 'DESENGATADO PÁTIO', 0),
(25, 19, 0, 'LOCADO', 'DP', 'DESENGATADO PÁTIO', 0),
(26, 20, 0, 'PRÓPRIO', 'DP', 'DESENGATADO PÁTIO', 0),
(27, 0, 17, 'PRÓPRIA', 'EM', 'EM MANUTENÇÃO', 0),
(28, 0, 18, 'PRÓPRIO', 'EM', 'EM MANUTENÇÃO', 0),
(29, 0, 19, 'PRÓPRIO', 'EM', 'EM MANUTENÇÃO', 0),
(30, 0, 20, 'PRÓPRIO', 'DC', 'DESENGATADO CLIENTE', 0),
(31, 21, 21, 'LOCADO', 'PC', 'PARADO CLIENTE', 0),
(32, 22, 22, 'LOCADO', 'PC', 'PARADO CLIENTE', 0),
(33, 23, 23, 'PRÓPRIO', 'PC', 'PARADO CLIENTE', 0),
(34, 24, 24, 'PRÓPRIO', 'DP', 'DESENGATADO PÁTIO', 0),
(35, 25, 25, 'PRÓPRIO', 'PP', 'PARADO PÁTIO', 0),
(36, 0, 26, 'PRÓPRIO', 'DP', 'DESENGATADO PÁTIO', 0),
(37, 0, 27, 'PRÓPRIO', 'DP', 'DESENGATADO PÁTIO', 0),
(38, 0, 28, 'PRÓPRIO', 'DP', 'DESENGATADO PÁTIO', 0),
(39, 26, 0, 'PRÓPRIO', 'PP', 'PARADO PÁTIO', 0),
(40, 27, 0, 'PRÓPRIO', 'EM', 'EM MANUTENÇÃO', 0);

-- --------------------------------------------------------

--
-- Estrutura da tabela `FUNC_FUNCIONARIO`
--

CREATE TABLE IF NOT EXISTS `FUNC_FUNCIONARIO` (
  `FUNC_IDFUNCIONARIO` int(6) NOT NULL AUTO_INCREMENT,
  `TIFU_IDTIPOFUNCIONARIO` int(6) NOT NULL,
  `PESS_IDPESSOA` int(6) NOT NULL,
  `EMPR_IDEMPRESA` int(6) NOT NULL,
  `ESCA_IDESCALA` int(6) NOT NULL,
  `FUNC_STFUNCIONARIO` tinyint(1) NOT NULL,
  `FUNC_NRREGISTROFUNCIONARIO` int(6) NOT NULL,
  `FUNC_DLOBSERVACAOFUNCIONARIO` varchar(350) COLLATE utf8_unicode_ci NOT NULL,
  PRIMARY KEY (`FUNC_IDFUNCIONARIO`,`TIFU_IDTIPOFUNCIONARIO`,`PESS_IDPESSOA`,`EMPR_IDEMPRESA`,`ESCA_IDESCALA`,`FUNC_STFUNCIONARIO`,`FUNC_NRREGISTROFUNCIONARIO`)
) ENGINE=MyISAM  DEFAULT CHARSET=utf8 COLLATE=utf8_unicode_ci AUTO_INCREMENT=41 ;

--
-- Extraindo dados da tabela `FUNC_FUNCIONARIO`
--

INSERT INTO `FUNC_FUNCIONARIO` (`FUNC_IDFUNCIONARIO`, `TIFU_IDTIPOFUNCIONARIO`, `PESS_IDPESSOA`, `EMPR_IDEMPRESA`, `ESCA_IDESCALA`, `FUNC_STFUNCIONARIO`, `FUNC_NRREGISTROFUNCIONARIO`, `FUNC_DLOBSERVACAOFUNCIONARIO`) VALUES
(1, 16, 9, 42, 0, 1, 50, ''),
(2, 2, 27, 42, 0, 1, 2013, 'Curso superior completo'),
(3, 15, 4, 42, 0, 1, 13, ''),
(4, 21, 6, 42, 0, 1, 1313, ''),
(5, 3, 12, 42, 0, 1, 24, ''),
(6, 20, 17, 42, 0, 1, 20, ''),
(7, 12, 20, 42, 1, 1, 21, ''),
(8, 14, 31, 42, 0, 0, 1015, ''),
(9, 4, 34, 42, 2, 1, 3030, ''),
(10, 4, 30, 42, 3, 1, 3100, 'Funcionário exemplar'),
(11, 4, 32, 42, 1, 1, 1212, ''),
(12, 11, 33, 42, 0, 1, 1130, ''),
(13, 3, 35, 42, 1, 1, 29, ''),
(14, 4, 36, 42, 2, 1, 89, ''),
(15, 9, 39, 42, 1, 1, 123, ''),
(16, 10, 37, 42, 1, 1, 453, ''),
(17, 5, 38, 42, 2, 1, 33, ''),
(18, 15, 41, 42, 0, 0, 67, ''),
(19, 7, 40, 42, 0, 1, 10, ''),
(20, 18, 13, 42, 0, 1, 2, ''),
(21, 1, 16, 42, 0, 0, 3, ''),
(22, 8, 14, 42, 1, 1, 45, ''),
(23, 11, 15, 42, 3, 1, 4, ''),
(24, 9, 22, 42, 2, 1, 8, ''),
(25, 4, 18, 42, 2, 1, 6, ''),
(26, 3, 19, 42, 0, 0, 71, ''),
(27, 2, 23, 42, 3, 1, 9, ''),
(28, 12, 28, 42, 2, 1, 43, ''),
(29, 4, 29, 42, 3, 1, 99, ''),
(30, 4, 10, 42, 2, 1, 56, ''),
(31, 19, 21, 42, 2, 1, 456, ''),
(32, 4, 11, 42, 0, 0, 765, ''),
(33, 7, 24, 42, 2, 1, 278, ''),
(34, 9, 26, 42, 0, 1, 8987, ''),
(35, 17, 25, 42, 0, 1, 432, ''),
(36, 4, 3, 42, 0, 1, 865, ''),
(37, 22, 7, 42, 0, 0, 54, ''),
(38, 10, 2, 42, 0, 1, 309, ''),
(39, 6, 1, 42, 0, 1, 321, ''),
(40, 1, 5, 42, 0, 1, 51, '');

-- --------------------------------------------------------

--
-- Estrutura da tabela `GENE_GENERO`
--

CREATE TABLE IF NOT EXISTS `GENE_GENERO` (
  `GENE_IDGENERO` int(6) NOT NULL AUTO_INCREMENT,
  `GENE_DCNOMEGENERO` char(30) COLLATE utf8_unicode_ci NOT NULL,
  PRIMARY KEY (`GENE_IDGENERO`,`GENE_DCNOMEGENERO`)
) ENGINE=MyISAM  DEFAULT CHARSET=utf8 COLLATE=utf8_unicode_ci AUTO_INCREMENT=3 ;

--
-- Extraindo dados da tabela `GENE_GENERO`
--

INSERT INTO `GENE_GENERO` (`GENE_IDGENERO`, `GENE_DCNOMEGENERO`) VALUES
(1, 'MASCULINO'),
(2, 'FEMININO');

-- --------------------------------------------------------

--
-- Estrutura da tabela `LOCA_LOCADORA`
--

CREATE TABLE IF NOT EXISTS `LOCA_LOCADORA` (
  `LOCA_IDLOCADORA` int(6) NOT NULL AUTO_INCREMENT,
  `FROT_IDFROTA` int(6) NOT NULL,
  `EMPR_IDEMPRESA` int(6) NOT NULL,
  PRIMARY KEY (`LOCA_IDLOCADORA`,`FROT_IDFROTA`,`EMPR_IDEMPRESA`)
) ENGINE=MyISAM  DEFAULT CHARSET=utf8 COLLATE=utf8_unicode_ci AUTO_INCREMENT=26 ;

--
-- Extraindo dados da tabela `LOCA_LOCADORA`
--

INSERT INTO `LOCA_LOCADORA` (`LOCA_IDLOCADORA`, `FROT_IDFROTA`, `EMPR_IDEMPRESA`) VALUES
(1, 10, 1),
(2, 9, 2),
(3, 5, 6),
(4, 1, 8),
(5, 4, 3),
(6, 7, 10),
(7, 6, 4),
(8, 8, 5),
(9, 3, 12),
(10, 11, 7),
(11, 13, 9),
(12, 2, 11),
(13, 12, 25),
(14, 14, 21),
(15, 16, 24),
(16, 15, 13),
(17, 20, 18),
(18, 18, 23),
(19, 28, 22),
(20, 17, 15),
(21, 30, 14),
(22, 22, 17),
(23, 21, 16),
(24, 40, 19),
(25, 39, 20);

-- --------------------------------------------------------

--
-- Estrutura da tabela `LOGR_LOGRADOURO`
--

CREATE TABLE IF NOT EXISTS `LOGR_LOGRADOURO` (
  `LOGR_IDLOGRADOURO` int(6) NOT NULL AUTO_INCREMENT,
  `BAIR_IDBAIRRO` int(6) NOT NULL,
  `LOGR_DLNOMELOGRADOURO` varchar(50) COLLATE utf8_unicode_ci NOT NULL,
  PRIMARY KEY (`LOGR_IDLOGRADOURO`,`BAIR_IDBAIRRO`,`LOGR_DLNOMELOGRADOURO`)
) ENGINE=MyISAM  DEFAULT CHARSET=utf8 COLLATE=utf8_unicode_ci AUTO_INCREMENT=41 ;

--
-- Extraindo dados da tabela `LOGR_LOGRADOURO`
--

INSERT INTO `LOGR_LOGRADOURO` (`LOGR_IDLOGRADOURO`, `BAIR_IDBAIRRO`, `LOGR_DLNOMELOGRADOURO`) VALUES
(1, 1, 'Rua Alexandre Martins'),
(2, 2, 'Rua Murillo Veiga de Oliveira'),
(3, 2, 'Rua João dos Reis Portella'),
(4, 3, 'Rua Greenhalg'),
(5, 3, 'Rua Castro Alves'),
(6, 6, 'Travessa Aliança'),
(7, 6, 'Praça Rotary '),
(8, 7, 'Praça Engenheiro José Rebouças'),
(9, 7, 'Praça Amigos da Marinha'),
(10, 7, 'Rua Carlos de Campos'),
(11, 11, 'Rua Sorocabana'),
(12, 14, 'Rua São Miguel dos Campos '),
(13, 21, 'Rua Quatorze '),
(14, 20, 'Rua Manoel Grillo'),
(15, 24, 'Rua Dos Bancários'),
(16, 25, 'Rua Dos Abricós'),
(17, 31, 'Praça Xexéu'),
(18, 30, 'Praça Village'),
(19, 32, 'Rua Dezenove de Maio'),
(20, 38, 'Viela Pauini '),
(21, 37, 'Viela Bueri'),
(22, 41, ''),
(23, 9, 'Rua Antônio Maia'),
(24, 9, 'Rua Ilzo Del Mugnaio Vianna'),
(25, 9, 'Rua Ari Vieira Barbosa'),
(26, 9, 'Vila Ribeiro Conceição'),
(27, 9, 'Rua Tomás Catunda'),
(28, 9, 'Rua José do Patrocínio'),
(29, 4, 'Rua Paraguaçu'),
(30, 4, 'Rua Dagoberto Gasgon'),
(31, 4, 'Rua Doutor Miguel Presgrave'),
(32, 4, 'Rua Doutor Vitor de Lamare'),
(33, 4, 'Rua Marechal Hermes'),
(34, 4, 'Rua Roberto Simonsen '),
(35, 3, 'Rua Delphin Moreira'),
(36, 3, 'Rua Delphin Moreira'),
(37, 3, 'Rua Doutor Germano Melchert'),
(38, 3, 'Rua Edu Brancato'),
(39, 3, 'Rua Padre Visconti'),
(40, 3, 'Rua Conselheiro Lafayette');

-- --------------------------------------------------------

--
-- Estrutura da tabela `MANU_MANUTENCAO`
--

CREATE TABLE IF NOT EXISTS `MANU_MANUTENCAO` (
  `MANU_IDMANUTENCAO` int(6) unsigned zerofill NOT NULL AUTO_INCREMENT,
  `EQUI_IDEQUIPAMENTO` int(6) unsigned zerofill DEFAULT NULL,
  `VEIC_IDVEICULO` int(6) unsigned zerofill DEFAULT NULL,
  `REPA_IDREPARO` int(6) unsigned zerofill NOT NULL,
  `DEFE_IDDEFEITO` int(6) unsigned zerofill NOT NULL,
  `TIMA_IDTIPOMANUTENCAO` int(6) unsigned zerofill NOT NULL,
  `MANU_DLNOMEMANUTENCAO` varchar(50) COLLATE utf8_unicode_ci NOT NULL,
  `MANU_HRDURACAOMANUTENCAO` time NOT NULL,
  `MANU_DTINICIOMANUTENCAO` datetime NOT NULL,
  `MANU_DTTERMINOMANUTENCAO` datetime NOT NULL,
  `MANU_VLMANUTENCAO` double NOT NULL,
  PRIMARY KEY (`MANU_IDMANUTENCAO`)
) ENGINE=MyISAM  DEFAULT CHARSET=utf8 COLLATE=utf8_unicode_ci AUTO_INCREMENT=5 ;

--
-- Extraindo dados da tabela `MANU_MANUTENCAO`
--

INSERT INTO `MANU_MANUTENCAO` (`MANU_IDMANUTENCAO`, `EQUI_IDEQUIPAMENTO`, `VEIC_IDVEICULO`, `REPA_IDREPARO`, `DEFE_IDDEFEITO`, `TIMA_IDTIPOMANUTENCAO`, `MANU_DLNOMEMANUTENCAO`, `MANU_HRDURACAOMANUTENCAO`, `MANU_DTINICIOMANUTENCAO`, `MANU_DTTERMINOMANUTENCAO`, `MANU_VLMANUTENCAO`) VALUES
(000001, NULL, 000002, 000009, 000019, 000001, 'Paralama lado esquerdo', '02:00:00', '2015-02-03 13:00:00', '2015-02-02 16:00:00', 200),
(000002, 000002, NULL, 000006, 000012, 000001, 'Porta lado direito', '03:00:00', '2015-02-10 09:10:00', '2015-02-02 12:10:00', 350),
(000003, 000006, NULL, 000024, 000022, 000002, 'Mesa do pino rei', '01:00:00', '2015-02-12 08:00:00', '2015-02-12 09:00:00', 150),
(000004, NULL, 000004, 000014, 000024, 000003, 'Nº Frota', '01:30:00', '2015-02-17 09:00:00', '2015-02-17 10:30:00', 50);

-- --------------------------------------------------------

--
-- Estrutura da tabela `MUNI_MUNICIPIO`
--

CREATE TABLE IF NOT EXISTS `MUNI_MUNICIPIO` (
  `MUNI_IDMUNICIPIO` int(6) NOT NULL AUTO_INCREMENT,
  `UNFE_IDUNIDADEFEDERATIVA` int(6) NOT NULL,
  `MUNI_DLNOMEMUNICIPIO` varchar(50) COLLATE utf8_unicode_ci NOT NULL,
  `MUNI_SGMUNICIPIO` char(3) COLLATE utf8_unicode_ci NOT NULL,
  PRIMARY KEY (`MUNI_IDMUNICIPIO`,`UNFE_IDUNIDADEFEDERATIVA`,`MUNI_DLNOMEMUNICIPIO`,`MUNI_SGMUNICIPIO`)
) ENGINE=MyISAM  DEFAULT CHARSET=utf8 COLLATE=utf8_unicode_ci AUTO_INCREMENT=41 ;

--
-- Extraindo dados da tabela `MUNI_MUNICIPIO`
--

INSERT INTO `MUNI_MUNICIPIO` (`MUNI_IDMUNICIPIO`, `UNFE_IDUNIDADEFEDERATIVA`, `MUNI_DLNOMEMUNICIPIO`, `MUNI_SGMUNICIPIO`) VALUES
(1, 1, 'Guaruja', 'GUA'),
(2, 1, 'Sao Vicente', 'SVI'),
(3, 1, 'Santos', 'SAN'),
(4, 1, 'Cubatao', 'CUB'),
(5, 1, 'Ubatuba', 'UBA'),
(6, 1, 'Ilha Bela', 'IBE'),
(7, 1, 'Sao Sebastiao', 'SSB'),
(8, 1, 'Bertioga', 'BER'),
(9, 1, 'Caraguatatuba', 'CAR'),
(10, 1, 'Praia Grande', 'PGR'),
(11, 1, 'Mongagua', 'MON'),
(12, 1, 'Itanhaem', 'ITA'),
(13, 1, 'Peruibe', 'PER'),
(14, 1, 'Ilha Comprida', 'ILC'),
(15, 1, 'Cotia', 'COT'),
(16, 1, 'Embu', 'EMB'),
(17, 1, 'Guarulhos', 'GRU'),
(18, 1, 'Sao Bernado do Campo', 'SBC'),
(19, 1, 'Mogi das Cruzes', 'MOG'),
(20, 1, 'Sao Paulo', 'SP'),
(21, 1, 'Paraibuna', 'PBU'),
(22, 1, 'Taubate', 'TAU'),
(23, 1, 'Sorocaba', 'SOR'),
(24, 1, 'Sao Jose dos Campos', 'SJC'),
(25, 24, 'Angra dos Reis', 'ARE'),
(26, 24, 'Tijuca ', 'TJU'),
(27, 24, 'Niteroi', 'NOI'),
(28, 24, 'Complexo do Alemao', 'CAL'),
(29, 24, 'Bangu ', 'BGU'),
(30, 24, 'Penha ', 'PEN'),
(31, 24, 'Bom Jesus do Itabapoana ', 'BJE'),
(32, 24, 'Rio das Flores', 'RFL'),
(33, 24, 'Santa Cruz', 'STC'),
(34, 24, 'Santa Maria Madalena ', 'SMA'),
(35, 24, 'Volta Redonda', 'VRE'),
(36, 24, 'São Pedro da Aldeia ', 'SPE'),
(37, 24, 'Saquarema ', 'SAQ'),
(38, 24, 'Rio Bonito', 'RIB'),
(39, 24, 'Resende ', 'RDE'),
(40, 24, 'Teresopolis', 'TRE');

-- --------------------------------------------------------

--
-- Estrutura da tabela `PAGA_PAGAMENTO`
--

CREATE TABLE IF NOT EXISTS `PAGA_PAGAMENTO` (
  `PAGA_IDPAGAMENTO` int(6) NOT NULL AUTO_INCREMENT,
  `PAGA_DLNOMEPAGAMENTO` varchar(50) COLLATE utf8_unicode_ci NOT NULL,
  `PAGA_DTPAGAMENTO` date NOT NULL,
  `PAGA_DTATUALIZACAO` datetime NOT NULL,
  `USUA_IDUSUARIOATUALIZACAO` int(6) NOT NULL,
  PRIMARY KEY (`PAGA_IDPAGAMENTO`,`PAGA_DLNOMEPAGAMENTO`,`PAGA_DTPAGAMENTO`,`PAGA_DTATUALIZACAO`,`USUA_IDUSUARIOATUALIZACAO`)
) ENGINE=MyISAM  DEFAULT CHARSET=utf8 COLLATE=utf8_unicode_ci AUTO_INCREMENT=16 ;

--
-- Extraindo dados da tabela `PAGA_PAGAMENTO`
--

INSERT INTO `PAGA_PAGAMENTO` (`PAGA_IDPAGAMENTO`, `PAGA_DLNOMEPAGAMENTO`, `PAGA_DTPAGAMENTO`, `PAGA_DTATUALIZACAO`, `USUA_IDUSUARIOATUALIZACAO`) VALUES
(1, 'Estadia e alimentação', '2015-03-13', '2015-03-16 12:00:00', 15),
(2, 'Estadia', '2015-03-05', '2015-03-09 10:00:00', 15),
(3, 'Alimentação', '2015-03-04', '2015-03-06 11:00:00', 15),
(4, 'Combustível', '2015-03-02', '2015-03-06 09:00:00', 14),
(5, 'Diferença de diária', '2015-03-05', '2015-03-06 10:45:00', 14),
(6, 'Adiantamento viagem', '2015-03-04', '0000-00-00 00:00:00', 0),
(7, 'Adicional Noturno', '2015-03-11', '0000-00-00 00:00:00', 0),
(8, 'Vale Lanche', '2015-03-09', '0000-00-00 00:00:00', 0),
(9, 'Cesta Básica', '2015-03-09', '0000-00-00 00:00:00', 0),
(10, 'Motoboy', '2015-03-12', '2015-03-13 12:00:00', 1),
(11, 'Hotel', '2015-02-02', '2015-03-02 20:00:00', 23),
(12, 'Reembolso Táxi', '2015-03-12', '2015-03-16 18:00:00', 27),
(13, 'Táxi de Santos para São Paulo', '2015-03-04', '2015-03-06 15:00:00', 27),
(14, 'Reembolso - remendo do pneu de caminhão', '2015-03-18', '2015-03-20 11:04:05', 27),
(15, 'Câmera de ar do pneu do carro', '2015-03-19', '2015-03-20 10:29:45', 33);

-- --------------------------------------------------------

--
-- Estrutura da tabela `PAIS_PAIS`
--

CREATE TABLE IF NOT EXISTS `PAIS_PAIS` (
  `PAIS_IDPAIS` int(6) NOT NULL AUTO_INCREMENT,
  `PAIS_DLNOMEPAIS` varchar(50) COLLATE utf8_unicode_ci NOT NULL,
  `PAIS_SGPAIS` char(3) COLLATE utf8_unicode_ci NOT NULL,
  PRIMARY KEY (`PAIS_IDPAIS`,`PAIS_DLNOMEPAIS`,`PAIS_SGPAIS`)
) ENGINE=MyISAM  DEFAULT CHARSET=utf8 COLLATE=utf8_unicode_ci AUTO_INCREMENT=41 ;

--
-- Extraindo dados da tabela `PAIS_PAIS`
--

INSERT INTO `PAIS_PAIS` (`PAIS_IDPAIS`, `PAIS_DLNOMEPAIS`, `PAIS_SGPAIS`) VALUES
(1, 'Brasil', 'BR'),
(2, 'Austrália', 'AU'),
(3, 'Alemanha', 'DE'),
(4, 'Chile', 'CL'),
(5, 'Colômbia', 'CO'),
(6, 'Dinamarca', 'DK'),
(7, 'Espanha', 'ES'),
(8, 'Estados Unidos', 'US'),
(9, 'França', 'FR'),
(10, 'Grécia', 'GR'),
(11, 'Haiti', 'HT'),
(12, 'Holanda', 'NL'),
(13, 'Hong Kong', 'HK'),
(14, 'Irlanda', 'IE'),
(15, 'Japão', 'JP'),
(16, 'Kiribati', 'KI'),
(17, 'Líbia', 'LY'),
(18, 'Marrocos', 'MA'),
(19, 'México', 'ME'),
(20, 'Moçambique', 'MZ'),
(21, 'Montenegro', 'ME'),
(22, 'Montserrat', 'MS'),
(23, 'Myanma', 'MM'),
(24, 'Nepal	', 'NP'),
(25, 'Nigéria	', 'NG'),
(26, 'Niue	', 'NU'),
(27, 'Noruega	', 'NO'),
(28, 'Nova Zelândia	', 'NZ'),
(29, 'Paraguai', 'PY'),
(30, 'Peru', 'PE'),
(31, 'Porto Rico	', 'PR'),
(32, 'Portugal	', 'PT'),
(33, 'República Tcheca	', 'CZ'),
(34, 'Romênia	', 'RO'),
(35, 'San Marino	', 'SM'),
(36, 'Suécia	', 'SE'),
(37, 'Suíça	', 'CH'),
(38, 'Uruguai	', 'UY'),
(39, 'Venezuela	', 'VE'),
(40, 'Canadá	', 'CA');

-- --------------------------------------------------------

--
-- Estrutura da tabela `PEDC_PESSOADADOCIVIL`
--

CREATE TABLE IF NOT EXISTS `PEDC_PESSOADADOCIVIL` (
  `PEDC_IDPESSOADADOCIVIL` int(6) NOT NULL AUTO_INCREMENT,
  `PESS_IDPESSOA` int(6) NOT NULL,
  `GENE_IDGENERO` int(6) NOT NULL,
  `ESCI_IDESTADOCIVIL` int(6) NOT NULL,
  `PEDC_NRPROGRAMAINTEGRACAOSOCIAL` int(11) NOT NULL,
  `PEDC_NRTITULOELEITOR` int(12) NOT NULL,
  `PEDC_DTVENCIMENTOMOVIMENTACAOOPERACIONALPRODUTOSPERIGOSOS` date NOT NULL,
  `PEDC_NRREGISTROGERAL` int(9) NOT NULL,
  `PEDC_NRRESERVISTA` varchar(7) COLLATE utf8_unicode_ci NOT NULL,
  `PEDC_DTVENCIMENTOCARTEIRANACIONALHABILITACAO` date NOT NULL,
  `PEDC_DCCATEGORIACARTEIRANACIONALHABILITACAO` char(2) COLLATE utf8_unicode_ci NOT NULL,
  `PEDC_NRCADASTROPESSOAFISICA` int(11) NOT NULL,
  `PEDC_DTNASCIMENTO` date NOT NULL,
  `PEDC_NRCARTEIRANACIONALHABILITACAO` int(13) NOT NULL,
  `PEDC_NRCARTEIRATRABALHO` int(11) NOT NULL,
  PRIMARY KEY (`PEDC_IDPESSOADADOCIVIL`,`PESS_IDPESSOA`,`GENE_IDGENERO`,`ESCI_IDESTADOCIVIL`,`PEDC_NRPROGRAMAINTEGRACAOSOCIAL`,`PEDC_NRTITULOELEITOR`,`PEDC_DTVENCIMENTOMOVIMENTACAOOPERACIONALPRODUTOSPERIGOSOS`,`PEDC_NRREGISTROGERAL`,`PEDC_NRRESERVISTA`,`PEDC_DTVENCIMENTOCARTEIRANACIONALHABILITACAO`,`PEDC_DCCATEGORIACARTEIRANACIONALHABILITACAO`,`PEDC_NRCADASTROPESSOAFISICA`,`PEDC_DTNASCIMENTO`,`PEDC_NRCARTEIRANACIONALHABILITACAO`,`PEDC_NRCARTEIRATRABALHO`)
) ENGINE=MyISAM  DEFAULT CHARSET=utf8 COLLATE=utf8_unicode_ci AUTO_INCREMENT=15 ;

--
-- Extraindo dados da tabela `PEDC_PESSOADADOCIVIL`
--

INSERT INTO `PEDC_PESSOADADOCIVIL` (`PEDC_IDPESSOADADOCIVIL`, `PESS_IDPESSOA`, `GENE_IDGENERO`, `ESCI_IDESTADOCIVIL`, `PEDC_NRPROGRAMAINTEGRACAOSOCIAL`, `PEDC_NRTITULOELEITOR`, `PEDC_DTVENCIMENTOMOVIMENTACAOOPERACIONALPRODUTOSPERIGOSOS`, `PEDC_NRREGISTROGERAL`, `PEDC_NRRESERVISTA`, `PEDC_DTVENCIMENTOCARTEIRANACIONALHABILITACAO`, `PEDC_DCCATEGORIACARTEIRANACIONALHABILITACAO`, `PEDC_NRCADASTROPESSOAFISICA`, `PEDC_DTNASCIMENTO`, `PEDC_NRCARTEIRANACIONALHABILITACAO`, `PEDC_NRCARTEIRATRABALHO`) VALUES
(1, 4, 2, 2, 1269125493, 2147483647, '2018-02-27', 268410052, '9606675', '2019-01-23', 'AB', 2147483647, '1970-05-09', 2147483647, 43529),
(2, 6, 2, 2, 2147411111, 2147483647, '2018-02-20', 268410065, '8606675', '2018-02-26', 'A', 2147483647, '1977-10-10', 224272804, 43577),
(3, 9, 2, 2, 2147483647, 2147483647, '2017-02-03', 268410094, '9705789', '2019-03-28', 'A', 2147483647, '1950-12-12', 2147483647, 43521),
(4, 12, 2, 2, 1269125473, 2147483647, '2016-02-28', 268410083, '9706675', '2017-05-28', 'AB', 276352748, '1950-12-12', 224372804, 435212),
(5, 17, 1, 2, 2147483633, 2147483647, '2015-01-31', 268410084, '9706675', '2019-05-28', 'M', 2147483647, '1977-12-12', 224371804, 43521),
(6, 20, 1, 2, 2147483640, 2147483647, '2018-02-27', 234456789, '9706671', '2019-05-28', 'AB', 2147483647, '1978-01-12', 224272804, 43529),
(7, 21, 2, 2, 2147483647, 251742364, '2015-02-28', 23656567, '9706675', '2019-01-23', 'M', 214748364, '1978-01-15', 2147483647, 43529),
(8, 23, 1, 2, 1265125493, 2147283647, '2017-02-28', 23656564, '9606673', '2019-01-12', 'M', 2147483647, '1950-12-13', 2147483647, 43588),
(9, 27, 1, 2, 2147483647, 517423647, '2015-02-25', 23656523, '9706675', '2019-12-28', 'AB', 2143383647, '1950-12-13', 2147483647, 43528),
(10, 30, 1, 2, 2147483647, 2147483612, '2019-02-20', 23656565, '9706673', '2019-05-28', 'AB', 2147483644, '1950-12-13', 2147483647, 43521),
(11, 31, 1, 1, 1303912549, 221742364, '2018-02-20', 2365654, '9706674', '2019-05-12', 'A', 2147483642, '1977-04-12', 2147483642, 43573),
(12, 35, 1, 2, 1269325493, 2147480047, '2018-02-25', 23656562, '9706673', '2019-05-02', 'AB', 2147483645, '1950-12-12', 2147483647, 43575),
(13, 39, 1, 2, 2102748364, 2147483600, '2019-01-12', 23656563, '9706670', '2018-02-01', 'A', 2147483642, '1950-12-11', 2147483644, 43527),
(14, 40, 1, 2, 126912549, 251742364, '2019-01-22', 23656563, '9706674', '2019-05-13', 'M', 2147483645, '1950-12-13', 2147483647, 43522);

-- --------------------------------------------------------

--
-- Estrutura da tabela `PEDJ_PESSOADADOJURIDICO`
--

CREATE TABLE IF NOT EXISTS `PEDJ_PESSOADADOJURIDICO` (
  `PEDJ_IDPESSOADADOJURIDICO` int(6) NOT NULL AUTO_INCREMENT,
  `PESS_IDPESSOA` int(6) NOT NULL,
  `PEDJ_DLNOMEFANTASIA` varchar(50) COLLATE utf8_unicode_ci NOT NULL,
  `PEDJ_NRINSCRICAOESTADUAL` int(20) NOT NULL,
  `PEDJ_NRCNPJ` int(14) NOT NULL,
  `PEDJ_NRINSCRICAOMUNICIPAL` int(8) NOT NULL,
  PRIMARY KEY (`PEDJ_IDPESSOADADOJURIDICO`,`PESS_IDPESSOA`,`PEDJ_DLNOMEFANTASIA`,`PEDJ_NRINSCRICAOESTADUAL`,`PEDJ_NRCNPJ`,`PEDJ_NRINSCRICAOMUNICIPAL`)
) ENGINE=MyISAM  DEFAULT CHARSET=utf8 COLLATE=utf8_unicode_ci AUTO_INCREMENT=33 ;

--
-- Extraindo dados da tabela `PEDJ_PESSOADADOJURIDICO`
--

INSERT INTO `PEDJ_PESSOADADOJURIDICO` (`PEDJ_IDPESSOADADOJURIDICO`, `PESS_IDPESSOA`, `PEDJ_DLNOMEFANTASIA`, `PEDJ_NRINSCRICAOESTADUAL`, `PEDJ_NRCNPJ`, `PEDJ_NRINSCRICAOMUNICIPAL`) VALUES
(1, 1, 'Ivan de Almeida', 2147483647, 2147483647, 2147483647),
(2, 2, 'Walter Baleco', 2147483647, 2147483647, 2147483647),
(3, 3, 'Caroline de Moura Ita', 2147483647, 8388607, 2147483647),
(4, 5, 'Marcela Moraes Aureliano Coutinho', 2147483647, 2147483647, 2147483647),
(5, 42, 'Nitendo', 2147483647, 2147483647, 98765432),
(6, 43, 'Chanel', 2147483647, 2147483647, 98789012),
(7, 44, 'Amazon', 2147483647, 2147483647, 35465453),
(8, 45, 'AMBEV', 2147483647, 2147483647, 43433232),
(9, 46, 'Antarctica', 2147483647, 2147483647, 56473982),
(10, 47, 'LEGO', 2147483647, 2147483647, 98192392),
(11, 48, 'Nike', 2147483647, 2147483647, 57684858),
(12, 49, 'Google', 2147483647, 2147483647, 23746573),
(13, 50, '20th Century Fox', 2147483647, 2147483647, 19383948),
(14, 51, 'Unilever', 2147483647, 2147483647, 19283746),
(15, 52, 'Coca - Cola', 2147483647, 2147483647, 91283746),
(16, 53, 'Kawasaki', 2147483647, 2147483647, 74635463),
(17, 54, 'McDonald''s', 2147483647, 2147483647, 92838383),
(18, 55, 'Subway', 2147483647, 2147483647, 19283764),
(19, 56, 'Skol', 2147483647, 2147483647, 10290129),
(20, 57, 'Brahma', 2147483647, 2147483647, 19029120),
(21, 58, 'Sadia', 2147483647, 2147483647, 10210295),
(22, 59, 'Perdigão', 2147483647, 2147483647, 91009912),
(23, 60, 'Natura', 2147483647, 2147483647, 10102921),
(24, 61, 'Ipiranga', 2147483647, 2147483647, 90876564),
(25, 62, 'Bohemia', 2147483647, 2147483647, 23234030),
(26, 63, 'Casas Bahia', 2147483647, 2147483647, 28283847),
(27, 64, 'Lojas Americanas', 2147483647, 2147483647, 18812930),
(28, 65, 'Pão de Açúcar', 2147483647, 2147483647, 9988909),
(29, 66, 'Porto Seguro', 2147483647, 2147483647, 10102920),
(30, 32, 'Giovanna', 2147483647, 2147483647, 2147483456),
(31, 29, 'Cantina de Lorenzo', 2147483647, 2147483647, 54781478),
(32, 28, 'Gomes Valente', 2147483647, 2147483647, 45789654);

-- --------------------------------------------------------

--
-- Estrutura da tabela `PEEA_PESSOAENDERECOALTERNATIVO`
--

CREATE TABLE IF NOT EXISTS `PEEA_PESSOAENDERECOALTERNATIVO` (
  `PEEA_IDPESSOAENDERECOALTERNATIVO` int(6) NOT NULL AUTO_INCREMENT,
  `PESS_IDPESSOA` int(6) NOT NULL,
  `PEEA_NRPESSOAENDERECOALTERNATIVO` char(6) COLLATE utf8_unicode_ci NOT NULL,
  `PEEA_COMPLEMENTOPESSOAENDERECOALTERNATIVO` char(15) COLLATE utf8_unicode_ci NOT NULL,
  `PEEA_DLNOMELOGRADOURO` varchar(50) COLLATE utf8_unicode_ci NOT NULL,
  `PEEA_DLNOMEBAIRRO` varchar(50) COLLATE utf8_unicode_ci NOT NULL,
  `PEEA_DLNOMEMUNICIPIO` varchar(50) COLLATE utf8_unicode_ci NOT NULL,
  `PEEA_DLNOMEUNIDADEFEDERATIVA` varchar(50) COLLATE utf8_unicode_ci NOT NULL,
  `PEEA_DLNOMEPAIS` varchar(50) COLLATE utf8_unicode_ci NOT NULL,
  PRIMARY KEY (`PEEA_IDPESSOAENDERECOALTERNATIVO`,`PESS_IDPESSOA`)
) ENGINE=MyISAM  DEFAULT CHARSET=utf8 COLLATE=utf8_unicode_ci AUTO_INCREMENT=41 ;

--
-- Extraindo dados da tabela `PEEA_PESSOAENDERECOALTERNATIVO`
--

INSERT INTO `PEEA_PESSOAENDERECOALTERNATIVO` (`PEEA_IDPESSOAENDERECOALTERNATIVO`, `PESS_IDPESSOA`, `PEEA_NRPESSOAENDERECOALTERNATIVO`, `PEEA_COMPLEMENTOPESSOAENDERECOALTERNATIVO`, `PEEA_DLNOMELOGRADOURO`, `PEEA_DLNOMEBAIRRO`, `PEEA_DLNOMEMUNICIPIO`, `PEEA_DLNOMEUNIDADEFEDERATIVA`, `PEEA_DLNOMEPAIS`) VALUES
(1, 1, '', '', '', '', '', '', ''),
(2, 2, '', '', '', '', '', '', ''),
(3, 3, '', '', '', '', '', '', ''),
(4, 4, '', '', '', '', '', '', ''),
(5, 5, '', '', '', '', '', '', ''),
(6, 6, '', '', '', '', '', '', ''),
(7, 7, '', '', '', '', '', '', ''),
(8, 8, '', '', '', '', '', '', ''),
(9, 9, '', '', '', '', '', '', ''),
(10, 10, '', '', '', '', '', '', ''),
(11, 11, '', '', '', '', '', '', ''),
(12, 12, '', '', '', '', '', '', ''),
(13, 13, '', '', '', '', '', '', ''),
(14, 14, '', '', '', '', '', '', ''),
(15, 15, '', '', '', '', '', '', ''),
(16, 16, '', '', '', '', '', '', ''),
(17, 17, '', '', '', '', '', '', ''),
(18, 18, '', '', '', '', '', '', ''),
(19, 19, '', '', '', '', '', '', ''),
(20, 20, '', '', '', '', '', '', ''),
(21, 21, '', '', '', '', '', '', ''),
(22, 22, '', '', '', '', '', '', ''),
(23, 23, '', '', '', '', '', '', ''),
(24, 24, '', '', '', '', '', '', ''),
(25, 25, '', '', '', '', '', '', ''),
(26, 26, '', '', '', '', '', '', ''),
(27, 27, '', '', '', '', '', '', ''),
(28, 28, '', '', '', '', '', '', ''),
(29, 29, '', '', '', '', '', '', ''),
(30, 30, '', '', '', '', '', '', ''),
(31, 31, '', '', '', '', '', '', ''),
(32, 32, '', '', '', '', '', '', ''),
(33, 33, '', '', '', '', '', '', ''),
(34, 34, '', '', '', '', '', '', ''),
(35, 35, '', '', '', '', '', '', ''),
(36, 36, '', '', '', '', '', '', ''),
(37, 37, '', '', '', '', '', '', ''),
(38, 38, '', '', '', '', '', '', ''),
(39, 39, '', '', '', '', '', '', ''),
(40, 40, '', '', '', '', '', '', '');

-- --------------------------------------------------------

--
-- Estrutura da tabela `PEEN_PESSOAENDERECO`
--

CREATE TABLE IF NOT EXISTS `PEEN_PESSOAENDERECO` (
  `PEEN_IDPESSOAENDERECO` int(6) NOT NULL AUTO_INCREMENT,
  `PESS_IDPESSOA` int(6) NOT NULL,
  `LOGR_IDLOGRADOURO` int(6) NOT NULL,
  `PESS_NRPESSOAENDERECO` char(6) COLLATE utf8_unicode_ci NOT NULL,
  `PESS_DCCOMPLEMENTOPESSOAENDERECO` char(15) COLLATE utf8_unicode_ci NOT NULL,
  PRIMARY KEY (`PEEN_IDPESSOAENDERECO`,`PESS_IDPESSOA`,`LOGR_IDLOGRADOURO`)
) ENGINE=MyISAM  DEFAULT CHARSET=utf8 COLLATE=utf8_unicode_ci AUTO_INCREMENT=11 ;

--
-- Extraindo dados da tabela `PEEN_PESSOAENDERECO`
--

INSERT INTO `PEEN_PESSOAENDERECO` (`PEEN_IDPESSOAENDERECO`, `PESS_IDPESSOA`, `LOGR_IDLOGRADOURO`, `PESS_NRPESSOAENDERECO`, `PESS_DCCOMPLEMENTOPESSOAENDERECO`) VALUES
(1, 1, 0, '2', 'não há'),
(2, 2, 0, '523', 'não há'),
(3, 3, 0, '25', 'Apartamento 35'),
(4, 4, 0, '234', 'Ap 17'),
(5, 5, 0, '32', 'não há'),
(6, 6, 0, '27', 'Sala 15'),
(7, 7, 0, '54', ' Sala 81'),
(8, 8, 0, '98', 'não há'),
(9, 9, 0, '23', 'não há'),
(10, 10, 0, '746', 'ap 311');

-- --------------------------------------------------------

--
-- Estrutura da tabela `PENE_PESSOANECESSIDADEESPECIAL`
--

CREATE TABLE IF NOT EXISTS `PENE_PESSOANECESSIDADEESPECIAL` (
  `PENE_IDPESSOANECESSIDADEESPECIAL` int(6) NOT NULL AUTO_INCREMENT,
  `PESS_IDPESSOA` int(6) NOT NULL,
  `PENE_DLNOMEPESSOANECESSIDADEESPECIAL` varchar(50) COLLATE utf8_unicode_ci NOT NULL,
  `PENE_DLOBSERVACAOPESSOANECESSIDADEESPECIAL` varchar(100) COLLATE utf8_unicode_ci NOT NULL,
  `PENE_DCNOMEPESSOANECESSIDADEESPECIAL` varchar(30) COLLATE utf8_unicode_ci NOT NULL,
  PRIMARY KEY (`PENE_IDPESSOANECESSIDADEESPECIAL`,`PESS_IDPESSOA`,`PENE_DLNOMEPESSOANECESSIDADEESPECIAL`,`PENE_DLOBSERVACAOPESSOANECESSIDADEESPECIAL`,`PENE_DCNOMEPESSOANECESSIDADEESPECIAL`)
) ENGINE=MyISAM  DEFAULT CHARSET=utf8 COLLATE=utf8_unicode_ci AUTO_INCREMENT=11 ;

--
-- Extraindo dados da tabela `PENE_PESSOANECESSIDADEESPECIAL`
--

INSERT INTO `PENE_PESSOANECESSIDADEESPECIAL` (`PENE_IDPESSOANECESSIDADEESPECIAL`, `PESS_IDPESSOA`, `PENE_DLNOMEPESSOANECESSIDADEESPECIAL`, `PENE_DLOBSERVACAOPESSOANECESSIDADEESPECIAL`, `PENE_DCNOMEPESSOANECESSIDADEESPECIAL`) VALUES
(1, 1, 'Autismo', 'não há', 'Autismo'),
(2, 1, 'Doenças Crônicas', 'podem começar em qualquer época da vida.', 'Doença Crônica'),
(3, 10, 'Perda Auditiva e Surdez', 'Aparelho de surdez e LIBRAS ajudam na comunicação', 'Surdez'),
(4, 10, 'Deficiência Intelectual', 'Não há', 'Deficiencia Intelectual'),
(5, 1, 'Perda de Memória', 'Não há', 'Perda da Memória'),
(6, 1, 'Doença Mental', 'Não há', 'Doença Mental'),
(7, 1, 'Deficiência Física', 'Não há', 'Deficiência Física'),
(8, 1, 'Disturbios da Fala e da Linguagem', 'Não há', 'Disturbios da Fala e da Lingua'),
(9, 1, 'Perda de Visão e Cegueira', 'Não há', 'Cegueira'),
(10, 1, 'Síndrome de Down/trissomia', 'Não há', 'Síndrome de Down');

-- --------------------------------------------------------

--
-- Estrutura da tabela `PERF_PERFIL`
--

CREATE TABLE IF NOT EXISTS `PERF_PERFIL` (
  `PERF_IDPERFIL` int(6) NOT NULL AUTO_INCREMENT,
  `PERF_DLNOMEPERFIL` varchar(50) COLLATE utf8_unicode_ci NOT NULL,
  PRIMARY KEY (`PERF_IDPERFIL`,`PERF_DLNOMEPERFIL`)
) ENGINE=MyISAM  DEFAULT CHARSET=utf8 COLLATE=utf8_unicode_ci AUTO_INCREMENT=12 ;

--
-- Extraindo dados da tabela `PERF_PERFIL`
--

INSERT INTO `PERF_PERFIL` (`PERF_IDPERFIL`, `PERF_DLNOMEPERFIL`) VALUES
(1, 'Administrador'),
(2, 'Balanceiro'),
(3, 'Programador '),
(4, 'Gerente'),
(5, 'Movimentador'),
(6, 'Conferente'),
(7, 'Operador de Maquinas'),
(8, 'Motorista'),
(9, 'Operador Logistico'),
(10, 'Assistente Administrativo'),
(11, 'Assistente Operacional');

-- --------------------------------------------------------

--
-- Estrutura da tabela `PESS_PESSOA`
--

CREATE TABLE IF NOT EXISTS `PESS_PESSOA` (
  `PESS_IDPESSOA` int(6) NOT NULL AUTO_INCREMENT,
  `TIPE_IDTIPOPESSOA` int(6) NOT NULL,
  `PESS_DLNOMEPESSOA` varchar(50) COLLATE utf8_unicode_ci NOT NULL,
  `PESS_DCNOMEPESSOA` varchar(30) COLLATE utf8_unicode_ci NOT NULL,
  `PESS_NATURALIDADEPESSOA` varchar(50) COLLATE utf8_unicode_ci NOT NULL,
  `PESS_NACIONALIDADEPESSOA` varchar(50) COLLATE utf8_unicode_ci NOT NULL,
  PRIMARY KEY (`PESS_IDPESSOA`,`TIPE_IDTIPOPESSOA`,`PESS_DLNOMEPESSOA`,`PESS_DCNOMEPESSOA`,`PESS_NATURALIDADEPESSOA`,`PESS_NACIONALIDADEPESSOA`)
) ENGINE=MyISAM  DEFAULT CHARSET=utf8 COLLATE=utf8_unicode_ci AUTO_INCREMENT=68 ;

--
-- Extraindo dados da tabela `PESS_PESSOA`
--

INSERT INTO `PESS_PESSOA` (`PESS_IDPESSOA`, `TIPE_IDTIPOPESSOA`, `PESS_DLNOMEPESSOA`, `PESS_DCNOMEPESSOA`, `PESS_NATURALIDADEPESSOA`, `PESS_NACIONALIDADEPESSOA`) VALUES
(1, 2, 'Ivan de Almeida', 'Ivan', 'Santos', 'Brasil'),
(2, 2, 'Walter Baleco ', 'Walter', 'Sergipe', 'Brasil'),
(3, 2, 'Caroline de Moura Ita', 'Caroline', 'Praia Grande', 'Brasil'),
(4, 2, 'Renata Neves Pereira da Silva', 'Renata Neves', 'Ipatinga', 'Brasil'),
(5, 2, 'Marcela Moraes Aureliano Coutinho', 'Mah', 'Salvador', 'Brasil'),
(6, 2, 'Aline Jurema Santos', 'Aline Aluné Maitena', 'Lobos', 'Argentina'),
(7, 2, 'Andreia Fontes Lobo', 'Andreia', 'Tartus', 'Siria'),
(8, 1, 'Liamar Gadelha Pazos', 'Liamar Gadelha', 'Santos', 'Brasil'),
(9, 2, 'Isa de Almeida', 'Zita', 'Salvador', 'Brasil'),
(10, 2, 'Rubens Cardoso Fontes', 'Cardoso', 'Santos', 'Brasil'),
(11, 2, 'José Pazos Fernandes', 'José', 'São Paulo', 'Brasil'),
(12, 2, 'Ingrid de Godois da Silva', 'Ingrid Godois', 'Santos', 'Brasil'),
(13, 2, 'Beatriz Fontes Lobo de Almeida', 'Bia', 'Santos', 'Brasil'),
(14, 2, 'Carlos Augusto ', 'Carlos', 'Santos', 'Brasil'),
(15, 2, 'Dalmo Duque do Santos', 'Dalmo Duque', 'Campo Grande', 'Brasil'),
(16, 2, 'Simone Viana Firmino', 'Simone', 'Praia Grande', 'Brasil'),
(17, 2, 'Mauricio Gadelha da Silva', 'Gadelha', 'São Paulo', 'Brasil'),
(18, 2, 'Franciele Pinto de Abreu', 'Franciele', 'Santos', 'Brasil'),
(19, 2, 'Ricardo  Cardoso Fontes', 'Ricardo', 'Santos', 'Brasil'),
(20, 2, 'Rogério Lara Barroso', 'Rogério Lara', 'São Vicente', 'Brasil'),
(21, 2, 'Carla Lobo Wales', 'Carla Wales', 'Santos', 'Brasil'),
(22, 2, 'José Carlos Fontes Filho', 'José Filho', 'Rio de Janeiro', 'Brasil'),
(23, 2, 'Felipe Josessy Lima', 'Felipe lima', 'Santos', 'Brasil'),
(24, 2, 'Renato Watezeck Marques', 'Renato Marques', 'Jundiaí', 'B'),
(25, 2, 'Bruno Santiago Venceslau', 'Bruno Venceslau', 'Santos', 'Brasil'),
(26, 0, 'Yan Lobo Moraes', 'Yan Lobo', 'São Paulo', 'Brasil'),
(27, 2, 'Andrey Messias Pinheiro', 'Andrey', 'Santso', 'Brasil'),
(28, 2, 'Danilo Valente Gomes', 'Danilo Gomes', 'Praia Grande', 'Brasil'),
(29, 2, 'Lorenzzo Phelipe Matheus de Lucca', 'Lorenzzo Luca', 'Santos', 'Bra'),
(30, 2, 'Caio César Ribeiro de Souza', 'Caio Souza', 'São Paulo', 'Bra'),
(31, 2, 'Breno de Camargo', 'Breno', 'Santos', 'Brasil'),
(32, 2, 'Giovanna Zoletti Pedry', 'Giovana Pedry', 'Santos', 'Bra'),
(33, 2, 'Priscila Paiva  Fang', 'Priscila Fang', 'Santos', 'Brasil'),
(34, 2, 'Alexandre Ramos dos Santos', 'Alexandre Ramos', 'São Paulo', 'Brasil'),
(35, 2, 'Breno de Camargo Santana', 'Breno Santana', 'São Vicente', 'Brasil'),
(36, 2, 'Sabrina Martines Maza', 'Sabrina Mazza', 'Santos', 'Brasil'),
(37, 2, 'Isabela Aguiar e Belliard', 'Isabela Aguiar', 'Santos', 'Brasil'),
(38, 2, 'Gabriel Henrique da Silva Ramos', 'Gabriel Ramos', 'São Paulo', 'Brasil'),
(39, 2, 'João Victor Santos Pessoa', 'João Pessoa', 'Salvador', 'Brasil'),
(40, 2, 'Lucas Pereira Da Silva Reis', 'Lucas Reis', 'Santos', 'Brasil'),
(41, 2, 'João Nascimento da Silva', 'João', 'Santos', 'Brasil'),
(42, 1, 'Nintendo Company, Limited', '', 'Miyagi', 'Japão'),
(43, 1, 'Chanel S.A.', '', 'Paris', 'França'),
(44, 1, ' Amazon.com', '', 'Washington', 'Estados Unidos'),
(45, 1, 'Companhia de Bebidas das Américas', '', 'São Paulo', 'Brasil'),
(46, 1, 'Antarctica S.A', '', 'Zurique', 'Suiça'),
(47, 1, 'LEGO Brinquedos LTDA', '', 'Copenhague', 'Dinamarca'),
(48, 1, 'NIKE calçados, equipamentos esportivos, roupas, e ', '', 'Oregon', 'Estados Unidos'),
(49, 1, 'Google   serviços online e software Inc.', '', 'Nova York', 'Estados Unidos'),
(50, 1, 'Twentieth Century-Fox Film Corporation', '', 'Century City', 'Estados Unidos'),
(51, 1, 'Unilever alimentos, limpeza, refreshment', '', '', 'Inglaterra'),
(52, 1, 'Coca-Cola Company S.A', '', 'Atlanta', 'Estados Unidos'),
(53, 1, 'Kawasaki Heavy Industries', '', '', 'Japão'),
(54, 1, 'McDonald''s restaurantes de fast food LTDA', '', 'Illinois', 'Estados Unidos'),
(55, 1, 'Subway restaurantes LTDA', '', 'Connecticut', 'Estados Unidos'),
(56, 1, 'Skol cervejaria S.A.', '', 'Carlsberg', 'Dinamarca'),
(57, 1, 'Companhia Cervejaria Brahma LTDA', '', 'Rio de Janeiro', 'Brasil'),
(58, 1, 'Sadia produção de alimentos frigoríficos do Brasil', '', 'Santa Catarina', 'Brasil'),
(59, 1, 'Perdigão alimentos frigoríficos LTDA', '', 'Santa Catarina', 'Brasil'),
(60, 1, 'NATURA COSMÉTICOS S.A', '', 'São Paulo', 'Brasil'),
(61, 1, 'DISTRIBUIDORA DE PRODUTOS DE PETRÓLEO IPIRANGA S/A', '', 'Rio Grande do Sul', 'Brasil'),
(62, 1, 'Dan` Lu Buffet Ltda.', '', '', 'Brasil'),
(63, 1, 'Casa Bahia Comercial Ltda', '', 'São Paulo', 'Brasil'),
(64, 1, ' Lojas Americanas S.A', '', 'Niterói', 'Brasil'),
(65, 1, 'Companhia Brasileira de Distribuição', '', '', 'Brasil'),
(66, 1, 'Azul Seguros S.A.', '', 'São Paulo', 'Brasil');

-- --------------------------------------------------------

--
-- Estrutura da tabela `PROD_PRODUTIVIDADE`
--

CREATE TABLE IF NOT EXISTS `PROD_PRODUTIVIDADE` (
  `PROD_IDPRODUTIVIDADE` int(6) NOT NULL AUTO_INCREMENT,
  `FUNC_IDFUNCIONARIO` int(6) NOT NULL,
  `PAGA_IDPAGAMENTO` int(6) NOT NULL,
  `PROD_VLPRODUTIVIDADE` decimal(10,0) NOT NULL,
  `PROD_DTINICIOPRODUTIVIDADE` date NOT NULL,
  `PROD_DTFIMPRODUTIVIDADE` date NOT NULL,
  PRIMARY KEY (`PROD_IDPRODUTIVIDADE`,`FUNC_IDFUNCIONARIO`,`PAGA_IDPAGAMENTO`,`PROD_VLPRODUTIVIDADE`,`PROD_DTINICIOPRODUTIVIDADE`,`PROD_DTFIMPRODUTIVIDADE`)
) ENGINE=MyISAM  DEFAULT CHARSET=utf8 COLLATE=utf8_unicode_ci AUTO_INCREMENT=15 ;

--
-- Extraindo dados da tabela `PROD_PRODUTIVIDADE`
--

INSERT INTO `PROD_PRODUTIVIDADE` (`PROD_IDPRODUTIVIDADE`, `FUNC_IDFUNCIONARIO`, `PAGA_IDPAGAMENTO`, `PROD_VLPRODUTIVIDADE`, `PROD_DTINICIOPRODUTIVIDADE`, `PROD_DTFIMPRODUTIVIDADE`) VALUES
(1, 1, 1, '30', '2015-03-02', '0000-00-00'),
(1, 2, 1, '30', '2015-03-03', '2015-03-05'),
(2, 3, 2, '50', '2015-03-04', '2015-03-06'),
(3, 4, 4, '50', '2015-03-05', '2015-03-06'),
(5, 5, 3, '50', '2015-03-04', '2015-03-06'),
(6, 7, 4, '50', '2015-03-06', '2015-03-08'),
(7, 8, 2, '30', '2015-03-08', '2015-03-10'),
(8, 9, 4, '50', '2015-03-02', '2015-03-04'),
(9, 8, 3, '50', '2015-03-02', '2015-03-05'),
(10, 9, 5, '60', '2015-03-06', '2015-03-09'),
(11, 10, 13, '25', '2015-03-05', '2015-03-06'),
(12, 11, 5, '60', '2015-03-06', '2015-03-09'),
(13, 11, 13, '25', '2015-03-07', '2015-03-09'),
(14, 5, 4, '50', '2015-03-11', '2015-03-14');

-- --------------------------------------------------------

--
-- Estrutura da tabela `REPA_REPARO`
--

CREATE TABLE IF NOT EXISTS `REPA_REPARO` (
  `REPA_IDREPARO` int(6) NOT NULL AUTO_INCREMENT,
  `REPA_SGREPARO` char(5) COLLATE utf8_unicode_ci NOT NULL,
  `REPA_DLNOMEREPARO` varchar(50) COLLATE utf8_unicode_ci NOT NULL,
  PRIMARY KEY (`REPA_IDREPARO`,`REPA_SGREPARO`,`REPA_DLNOMEREPARO`)
) ENGINE=MyISAM  DEFAULT CHARSET=utf8 COLLATE=utf8_unicode_ci AUTO_INCREMENT=25 ;

--
-- Extraindo dados da tabela `REPA_REPARO`
--

INSERT INTO `REPA_REPARO` (`REPA_IDREPARO`, `REPA_SGREPARO`, `REPA_DLNOMEREPARO`) VALUES
(1, 'ALN', 'ALINHAR'),
(2, 'ARQ', 'ARQUEAR'),
(3, 'CLB', 'CALIBRAR'),
(4, 'COL', 'COLOCAR'),
(5, 'CNS', 'CONSERTO'),
(6, 'DEM', 'DESAMASSAR'),
(7, 'DES', 'DESMONTAR'),
(8, 'FIX', 'FIXAR'),
(9, 'INS', 'INSTALAR'),
(10, 'JAT', 'JATEAR'),
(11, 'LAV', 'LAVAR'),
(12, 'LUB', 'LUBRIFICAR'),
(13, 'MON', 'MONTAR'),
(14, 'PNT', 'PINTAR'),
(15, 'REP', 'REPARAR'),
(16, 'RCP', 'RECAPAR'),
(17, 'REG', 'REGULAR'),
(18, 'REM', 'REMOVER'),
(19, 'REV', 'REVISAR'),
(20, 'SEC', 'SECCIONAR'),
(21, 'SLD', 'SOLDAR'),
(22, 'SUB', 'SUBSTITUIR'),
(23, 'SPV', 'SUJEITO A POSTERIOR VERIFICAÇÃO'),
(24, 'APT', 'APERTAR');

-- --------------------------------------------------------

--
-- Estrutura da tabela `SERV_SERVICO`
--

CREATE TABLE IF NOT EXISTS `SERV_SERVICO` (
  `SERV_IDSERVICO` int(6) NOT NULL AUTO_INCREMENT,
  `FUNC_IDFUNCIONARIO` int(6) NOT NULL,
  `SERV_DLNOMESERVICO` varchar(50) COLLATE utf8_unicode_ci NOT NULL,
  `SERV_DCNOMESERVICO` char(50) COLLATE utf8_unicode_ci NOT NULL,
  `SERV_DTINICIOSERVICO` date NOT NULL,
  `SERV_DTFIMSERVICO` date NOT NULL,
  `SERV_VLSERVICO` decimal(10,0) NOT NULL,
  PRIMARY KEY (`SERV_IDSERVICO`,`FUNC_IDFUNCIONARIO`,`SERV_DLNOMESERVICO`,`SERV_DCNOMESERVICO`,`SERV_DTINICIOSERVICO`,`SERV_DTFIMSERVICO`,`SERV_VLSERVICO`)
) ENGINE=MyISAM  DEFAULT CHARSET=utf8 COLLATE=utf8_unicode_ci AUTO_INCREMENT=41 ;

--
-- Extraindo dados da tabela `SERV_SERVICO`
--

INSERT INTO `SERV_SERVICO` (`SERV_IDSERVICO`, `FUNC_IDFUNCIONARIO`, `SERV_DLNOMESERVICO`, `SERV_DCNOMESERVICO`, `SERV_DTINICIOSERVICO`, `SERV_DTFIMSERVICO`, `SERV_VLSERVICO`) VALUES
(1, 9, 'Entrega para Campinas', '', '2015-03-02', '2015-03-02', '400'),
(2, 11, 'Entrega para Bauru', '', '2015-03-02', '2015-03-03', '699'),
(3, 10, 'Entrega para São José dos Campos', '', '2015-03-04', '2015-03-06', '789'),
(4, 29, 'Entrega Mongaguá', 'Litoral', '2015-03-10', '2015-03-10', '150'),
(5, 25, 'Viagem Cubatão', 'Litoral', '2015-03-06', '2015-03-06', '100'),
(6, 10, 'Retirada Guarujá', 'Litoral', '2015-03-17', '2015-03-17', '180'),
(7, 11, 'Retirada São Paulo Alphaville', '', '2015-03-17', '2015-03-17', '350'),
(8, 10, 'Entrega Bertioga - carga solta', '', '2015-03-03', '2015-03-03', '300'),
(9, 32, 'Entrega São Vicente', 'Litoral', '2015-03-18', '2015-03-18', '120'),
(10, 32, 'Retirada Santos  - Carga perigosa', 'Litoral', '2015-03-18', '2015-03-18', '900'),
(11, 9, 'Retirada Guarujá - Granel', 'Litoral carga solta', '2015-03-19', '2015-03-19', '450'),
(12, 36, 'Entrega Barueri SP', '', '2015-03-14', '2015-03-14', '621'),
(13, 26, 'Conferência Carga', 'CC', '2015-03-17', '2015-03-20', '13'),
(14, 29, 'Viagem Mauá - SP', '', '2015-03-20', '2015-03-21', '700'),
(15, 13, 'Conferência Carga', 'CC', '2015-03-02', '2015-03-03', '2'),
(16, 10, 'Viagem Alpinopolis -  Minas Gerais', 'VMG', '2015-03-17', '2015-03-18', '9'),
(17, 11, 'Entrega Cotia - SP', 'Carga Perigosa', '2015-03-18', '2015-03-18', '4'),
(18, 10, 'Retirada Liberdade - SP', 'RSP', '2015-03-13', '2015-03-13', '600'),
(19, 25, 'Viagem Campos do Jordão - SP', 'VSP', '2015-02-02', '2015-02-03', '1'),
(20, 29, 'Entrega Barueri SP', '', '2015-01-16', '2015-01-16', '200'),
(21, 29, 'Retirada da Mercadoria em Curitiba - ', '', '2015-01-20', '2015-01-22', '4'),
(22, 30, 'Ida e Volta -Santos - SP', '', '2015-01-30', '2015-01-30', '2'),
(23, 10, 'Retirada Iguape', '', '2015-01-15', '2015-01-16', '3'),
(24, 10, 'Retirada Iguape', '', '2015-01-15', '2015-01-16', '3'),
(25, 10, 'Retirada Peruíbe', '', '2015-03-28', '2015-03-28', '2'),
(26, 10, 'Retirada Itu', '', '2015-03-29', '2015-03-30', '7'),
(27, 9, 'Retirada Iguape', '', '2015-03-04', '2015-03-11', '400'),
(28, 36, 'Viagem Aparecida do Norte', 'Mercadoria de ervas', '2015-03-27', '2015-03-28', '30'),
(29, 29, 'Retirada Guarujá', 'Mercadoria de ervas', '2015-02-01', '2015-02-02', '500'),
(30, 10, 'Entrega Bertioga - carga solta', '', '2015-03-31', '2015-03-31', '999'),
(31, 10, 'Entrega Bilac', '', '2015-01-08', '2015-01-08', '2'),
(32, 10, 'Entrega Birigui', '', '2015-04-08', '2015-04-09', '2'),
(33, 25, 'Entrega Bofete', '', '2015-04-02', '2015-04-02', '890'),
(34, 25, 'Viagem Borá', '', '2015-04-14', '2015-04-14', '1'),
(35, 25, 'Viagem Parati', '', '2015-04-20', '2015-04-22', '6'),
(36, 36, 'Viagem Ibitiba', '', '2015-04-13', '2015-04-14', '3'),
(37, 10, 'Entrega Abre Campos - Minas Gerais', 'CCS', '2015-04-21', '2015-04-22', '4'),
(38, 9, 'Entrega São Paulo Capital', '', '2015-04-26', '2015-04-26', '1'),
(39, 11, 'Retirada Lapa SP', '', '2015-04-29', '2015-04-29', '1'),
(40, 11, 'Entrega Liberdade -SP', 'Ida e Volta containner cheio', '2015-04-30', '2015-04-30', '3');

-- --------------------------------------------------------

--
-- Estrutura da tabela `STPA_STATUSPAGAMENTO`
--

CREATE TABLE IF NOT EXISTS `STPA_STATUSPAGAMENTO` (
  `STPA_IDSTATUSPAGAMENTO` int(6) NOT NULL AUTO_INCREMENT,
  `STPA_DCNOMESTATUSPAGAMENTO` char(30) COLLATE utf8_unicode_ci NOT NULL,
  PRIMARY KEY (`STPA_IDSTATUSPAGAMENTO`,`STPA_DCNOMESTATUSPAGAMENTO`)
) ENGINE=MyISAM  DEFAULT CHARSET=utf8 COLLATE=utf8_unicode_ci AUTO_INCREMENT=3 ;

--
-- Extraindo dados da tabela `STPA_STATUSPAGAMENTO`
--

INSERT INTO `STPA_STATUSPAGAMENTO` (`STPA_IDSTATUSPAGAMENTO`, `STPA_DCNOMESTATUSPAGAMENTO`) VALUES
(1, 'Pago'),
(2, 'A pagar');

-- --------------------------------------------------------

--
-- Estrutura da tabela `TICA_TIPOCARGA`
--

CREATE TABLE IF NOT EXISTS `TICA_TIPOCARGA` (
  `TICA_IDTIPOCARGA` int(6) unsigned zerofill NOT NULL AUTO_INCREMENT,
  `TICA_DLNOMETIPOCARGA` varchar(50) COLLATE utf8_unicode_ci NOT NULL,
  `TICA_DCNOMETIPOCARGA` char(30) COLLATE utf8_unicode_ci NOT NULL,
  PRIMARY KEY (`TICA_IDTIPOCARGA`)
) ENGINE=MyISAM  DEFAULT CHARSET=utf8 COLLATE=utf8_unicode_ci AUTO_INCREMENT=9 ;

--
-- Extraindo dados da tabela `TICA_TIPOCARGA`
--

INSERT INTO `TICA_TIPOCARGA` (`TICA_IDTIPOCARGA`, `TICA_DLNOMETIPOCARGA`, `TICA_DCNOMETIPOCARGA`) VALUES
(000001, 'CONTAINER 20''', 'CONT.20'''),
(000002, 'CARGA SOLTA', 'CARG. SOLT'),
(000003, 'CARGA EXCEDENTE', 'EXCEDENTE'),
(000004, 'CONTAINER 40''', 'CONT. 40'''),
(000005, 'GRÃOS', 'GRA.'),
(000006, 'LÍQUIDO', 'LIQ.'),
(000008, 'GÁSES', 'GÁS');

-- --------------------------------------------------------

--
-- Estrutura da tabela `TICO_TIPOCOMBUSTIVEL`
--

CREATE TABLE IF NOT EXISTS `TICO_TIPOCOMBUSTIVEL` (
  `TICO_IDTIPOCOMBUSTIVEL` int(6) NOT NULL AUTO_INCREMENT,
  `TICO_DLNOMETIPOCOMBUSTIVEL` varchar(50) COLLATE utf8_unicode_ci NOT NULL,
  PRIMARY KEY (`TICO_IDTIPOCOMBUSTIVEL`,`TICO_DLNOMETIPOCOMBUSTIVEL`)
) ENGINE=MyISAM  DEFAULT CHARSET=utf8 COLLATE=utf8_unicode_ci AUTO_INCREMENT=9 ;

--
-- Extraindo dados da tabela `TICO_TIPOCOMBUSTIVEL`
--

INSERT INTO `TICO_TIPOCOMBUSTIVEL` (`TICO_IDTIPOCOMBUSTIVEL`, `TICO_DLNOMETIPOCOMBUSTIVEL`) VALUES
(1, 'Diesel S10'),
(2, 'Etanol'),
(3, 'Gasolina'),
(4, 'Biodiesel'),
(5, 'Gás Natural'),
(6, 'Querosene'),
(7, 'Diesel S50'),
(8, 'Arla 32');

-- --------------------------------------------------------

--
-- Estrutura da tabela `TIDE_TIPODEPENDENTE`
--

CREATE TABLE IF NOT EXISTS `TIDE_TIPODEPENDENTE` (
  `TIDE_IDTIPODEPENDENTE` int(6) NOT NULL AUTO_INCREMENT,
  `TIDE_DLNOMETIPODEPENDENTE` varchar(50) COLLATE utf8_unicode_ci NOT NULL,
  PRIMARY KEY (`TIDE_IDTIPODEPENDENTE`,`TIDE_DLNOMETIPODEPENDENTE`)
) ENGINE=MyISAM  DEFAULT CHARSET=utf8 COLLATE=utf8_unicode_ci AUTO_INCREMENT=7 ;

--
-- Extraindo dados da tabela `TIDE_TIPODEPENDENTE`
--

INSERT INTO `TIDE_TIPODEPENDENTE` (`TIDE_IDTIPODEPENDENTE`, `TIDE_DLNOMETIPODEPENDENTE`) VALUES
(1, 'Filho (a)'),
(2, 'Irmão (a)'),
(3, 'Mãe'),
(4, 'Pai'),
(5, 'Cônjuge'),
(6, 'Avós');

-- --------------------------------------------------------

--
-- Estrutura da tabela `TIEM_TIPOEMPRESA`
--

CREATE TABLE IF NOT EXISTS `TIEM_TIPOEMPRESA` (
  `TIEM_IDTIPOEMPRESA` int(6) NOT NULL AUTO_INCREMENT,
  `TIEM_DCNOMETIPOEMPRESA` char(30) COLLATE utf8_unicode_ci NOT NULL,
  PRIMARY KEY (`TIEM_IDTIPOEMPRESA`,`TIEM_DCNOMETIPOEMPRESA`)
) ENGINE=MyISAM  DEFAULT CHARSET=utf8 COLLATE=utf8_unicode_ci AUTO_INCREMENT=4 ;

--
-- Extraindo dados da tabela `TIEM_TIPOEMPRESA`
--

INSERT INTO `TIEM_TIPOEMPRESA` (`TIEM_IDTIPOEMPRESA`, `TIEM_DCNOMETIPOEMPRESA`) VALUES
(1, 'Filial'),
(2, 'Matriz'),
(3, 'Conveniada');

-- --------------------------------------------------------

--
-- Estrutura da tabela `TIEQ_TIPOEQUIPAMENTO`
--

CREATE TABLE IF NOT EXISTS `TIEQ_TIPOEQUIPAMENTO` (
  `TIEQ_IDTIPOEQUIPAMENTO` int(6) NOT NULL AUTO_INCREMENT,
  `TIEQ_DLNOMETIPOEQUIPAMENTO` varchar(50) COLLATE utf8_unicode_ci NOT NULL,
  PRIMARY KEY (`TIEQ_IDTIPOEQUIPAMENTO`,`TIEQ_DLNOMETIPOEQUIPAMENTO`)
) ENGINE=MyISAM  DEFAULT CHARSET=utf8 COLLATE=utf8_unicode_ci AUTO_INCREMENT=14 ;

--
-- Extraindo dados da tabela `TIEQ_TIPOEQUIPAMENTO`
--

INSERT INTO `TIEQ_TIPOEQUIPAMENTO` (`TIEQ_IDTIPOEQUIPAMENTO`, `TIEQ_DLNOMETIPOEQUIPAMENTO`) VALUES
(1, 'BUG 20'' - 2 EIXOS'),
(2, 'BUG 40'' - 2 EIXOS'),
(3, 'CARRETA - 3 EIXOS'),
(4, 'SIDER'),
(5, 'BAÚ'),
(6, 'PRANCHA REBAIXADA'),
(7, 'BASCULANTE'),
(8, 'GRANELEIRO'),
(9, 'TANQUE'),
(10, 'BUG 20'' - 3 EIXOS'),
(11, 'BUG 40'' - 3 EIXOS'),
(12, 'CARRETA - 2 EIXOS'),
(13, 'BITREM');

-- --------------------------------------------------------

--
-- Estrutura da tabela `TIFU_TIPOFUNCIONARIO`
--

CREATE TABLE IF NOT EXISTS `TIFU_TIPOFUNCIONARIO` (
  `TIFU_IDTIPOFUNCIONARIO` int(6) NOT NULL AUTO_INCREMENT,
  `TIFU_DLNOMETIPOFUNCIONARIO` varchar(50) COLLATE utf8_unicode_ci NOT NULL,
  PRIMARY KEY (`TIFU_IDTIPOFUNCIONARIO`,`TIFU_DLNOMETIPOFUNCIONARIO`)
) ENGINE=MyISAM  DEFAULT CHARSET=utf8 COLLATE=utf8_unicode_ci AUTO_INCREMENT=41 ;

--
-- Extraindo dados da tabela `TIFU_TIPOFUNCIONARIO`
--

INSERT INTO `TIFU_TIPOFUNCIONARIO` (`TIFU_IDTIPOFUNCIONARIO`, `TIFU_DLNOMETIPOFUNCIONARIO`) VALUES
(1, 'Administrador'),
(2, 'Gerente Administrativo'),
(3, 'Conferente'),
(4, 'Motorista'),
(5, 'Auxiliar de Logística'),
(6, 'Auxiliar de Transporte'),
(7, 'Programador'),
(8, 'Balanceiro'),
(9, 'Operador de Máquinas'),
(10, 'Movimentador'),
(11, 'Assistente administrativo'),
(12, 'Assistente Operacional'),
(13, 'Auxiliar de Limpeza'),
(14, 'Auxiliar de Contabilidade'),
(15, 'Auxiliar de Cozinha'),
(16, 'Recepcionista'),
(17, 'Mecânico'),
(18, 'Técnico de Manutenção'),
(19, 'Controlador'),
(20, 'Assistente Logístico'),
(21, 'Frentista'),
(22, 'Coordenador de Transportes'),
(23, 'Controlador de Tráfego'),
(24, 'Coordenador de Tráfego'),
(25, 'Emissor de CTRC'),
(26, 'Fiscal de Tráfego'),
(27, 'Fiscal Rodoviário'),
(28, 'Supervisor de Garagem'),
(29, 'Supervisor de Transporte Rodoviário'),
(30, 'Diretor'),
(31, 'Gerente Comercial'),
(32, 'Assistente Comercial'),
(33, 'Supervisor Comercial'),
(34, 'Analista de Treinamento'),
(35, 'Assistente de Almoxarifado'),
(36, 'Assistente de Cobrança'),
(37, 'Assistente de Compras'),
(38, 'Assistente de Contas a Pagar e Receber'),
(39, 'Assistente de Controle de Qualidade'),
(40, 'Assistente de Departamento Pessoal');

-- --------------------------------------------------------

--
-- Estrutura da tabela `TIMA_TIPOMANUTENCAO`
--

CREATE TABLE IF NOT EXISTS `TIMA_TIPOMANUTENCAO` (
  `TIMA_IDTIPOMANUTENCAO` int(6) NOT NULL AUTO_INCREMENT,
  `TIMA_DLNOMETIPOMANUTENCAO` varchar(50) COLLATE utf8_unicode_ci NOT NULL,
  PRIMARY KEY (`TIMA_IDTIPOMANUTENCAO`,`TIMA_DLNOMETIPOMANUTENCAO`)
) ENGINE=MyISAM  DEFAULT CHARSET=utf8 COLLATE=utf8_unicode_ci AUTO_INCREMENT=8 ;

--
-- Extraindo dados da tabela `TIMA_TIPOMANUTENCAO`
--

INSERT INTO `TIMA_TIPOMANUTENCAO` (`TIMA_IDTIPOMANUTENCAO`, `TIMA_DLNOMETIPOMANUTENCAO`) VALUES
(1, 'Corretiva'),
(2, 'Preventiva'),
(3, 'Revisão');

-- --------------------------------------------------------

--
-- Estrutura da tabela `TIPE_TIPOPESSOA`
--

CREATE TABLE IF NOT EXISTS `TIPE_TIPOPESSOA` (
  `TIPE_IDTIPOPESSOA` int(6) NOT NULL AUTO_INCREMENT,
  `TIPE_DCNOMETIPOPESSOA` char(30) COLLATE utf8_unicode_ci NOT NULL,
  PRIMARY KEY (`TIPE_IDTIPOPESSOA`,`TIPE_DCNOMETIPOPESSOA`)
) ENGINE=MyISAM  DEFAULT CHARSET=utf8 COLLATE=utf8_unicode_ci AUTO_INCREMENT=5 ;

--
-- Extraindo dados da tabela `TIPE_TIPOPESSOA`
--

INSERT INTO `TIPE_TIPOPESSOA` (`TIPE_IDTIPOPESSOA`, `TIPE_DCNOMETIPOPESSOA`) VALUES
(1, 'Pessoa Jurídica'),
(2, 'Pessoa Física');

-- --------------------------------------------------------

--
-- Estrutura da tabela `TIVE_TIPOVEICULO`
--

CREATE TABLE IF NOT EXISTS `TIVE_TIPOVEICULO` (
  `TIVE_IDTIPOVEICULO` int(6) NOT NULL AUTO_INCREMENT,
  `TIVE_DCNOMETIPOVEICULO` char(30) COLLATE utf8_unicode_ci NOT NULL,
  PRIMARY KEY (`TIVE_IDTIPOVEICULO`,`TIVE_DCNOMETIPOVEICULO`)
) ENGINE=MyISAM  DEFAULT CHARSET=utf8 COLLATE=utf8_unicode_ci AUTO_INCREMENT=7 ;

--
-- Extraindo dados da tabela `TIVE_TIPOVEICULO`
--

INSERT INTO `TIVE_TIPOVEICULO` (`TIVE_IDTIPOVEICULO`, `TIVE_DCNOMETIPOVEICULO`) VALUES
(1, 'CAVALO SIMPLES'),
(2, 'CAVALO LS'),
(3, 'TRUCK'),
(4, 'VAN'),
(5, 'AUTOMÓVEL'),
(6, 'TOCO');

-- --------------------------------------------------------

--
-- Estrutura da tabela `UNFE_UNIDADEFEDERATIVA`
--

CREATE TABLE IF NOT EXISTS `UNFE_UNIDADEFEDERATIVA` (
  `UNFE_IDUNIDADEFEDERATIVA` int(6) NOT NULL AUTO_INCREMENT,
  `PAIS_IDPAIS` int(6) NOT NULL,
  `UNFE_DLNOMEUNIDADEFEDERATIVA` varchar(50) COLLATE utf8_unicode_ci NOT NULL,
  `UNFE_SGUNIDADEFEDERATIVA` char(2) COLLATE utf8_unicode_ci NOT NULL,
  PRIMARY KEY (`UNFE_IDUNIDADEFEDERATIVA`,`PAIS_IDPAIS`,`UNFE_DLNOMEUNIDADEFEDERATIVA`,`UNFE_SGUNIDADEFEDERATIVA`)
) ENGINE=MyISAM  DEFAULT CHARSET=utf8 COLLATE=utf8_unicode_ci AUTO_INCREMENT=42 ;

--
-- Extraindo dados da tabela `UNFE_UNIDADEFEDERATIVA`
--

INSERT INTO `UNFE_UNIDADEFEDERATIVA` (`UNFE_IDUNIDADEFEDERATIVA`, `PAIS_IDPAIS`, `UNFE_DLNOMEUNIDADEFEDERATIVA`, `UNFE_SGUNIDADEFEDERATIVA`) VALUES
(1, 1, 'São Paulo', 'SP'),
(2, 1, 'Santa Catarina', 'SC'),
(3, 1, 'Sergipe', 'SE'),
(4, 1, 'Rio Grande do Sul', 'RS'),
(5, 1, 'Tocantins', 'TO'),
(6, 1, 'Acre', 'AC'),
(7, 1, 'Alagoas', 'AL'),
(8, 1, 'Amazonas', 'AM'),
(9, 1, 'Amapá', 'AP'),
(10, 1, 'Bahia', 'BA'),
(11, 1, 'Ceará', 'CE'),
(12, 1, 'Distrito Federal', 'DF'),
(13, 1, 'Espírito Santo', 'ES'),
(14, 1, 'Goiás', 'GO'),
(15, 1, 'Maranhão', 'MA'),
(16, 1, 'Minas Gerais', 'MG'),
(17, 1, 'Mato Grosso do Sul', 'MS'),
(18, 1, 'Mato Grosso', 'MT'),
(19, 1, 'Pará', 'PA'),
(20, 1, 'Paraíba', 'PB'),
(21, 1, 'Pernambuco', 'PE'),
(22, 1, 'Piauí', 'PI'),
(23, 1, 'Paraná', 'PR'),
(24, 1, 'Rio de Janeiro', 'RJ'),
(25, 1, 'Rio Grande do Norte', 'RN'),
(26, 1, 'Rondônia', 'RO'),
(27, 1, 'Roraima', 'RR'),
(28, 8, 'Alaska', 'AK'),
(29, 8, 'Maine', 'ME'),
(30, 8, 'Lowa', 'IA'),
(31, 8, 'Kansas', 'KS'),
(32, 8, 'Utah', 'UT'),
(33, 8, 'Arizona', 'AZ'),
(34, 8, 'California', 'CA'),
(35, 8, 'Florida', 'FL'),
(36, 8, 'Hawaii', 'HI'),
(37, 8, 'Texas', 'TX'),
(38, 8, 'Vermont', 'VT'),
(39, 8, 'Virginia', 'VA'),
(40, 8, 'Oregon', 'OR');

-- --------------------------------------------------------

--
-- Estrutura da tabela `UNOR_UNIDADEORGANIZACIONAL`
--

CREATE TABLE IF NOT EXISTS `UNOR_UNIDADEORGANIZACIONAL` (
  `UNOR_IDUNIDADEORGANIZACIONAL` int(6) NOT NULL AUTO_INCREMENT,
  `UNOR_DCNOMEUNIDADEORGANIZACIONAL` varchar(50) COLLATE utf8_unicode_ci NOT NULL,
  PRIMARY KEY (`UNOR_IDUNIDADEORGANIZACIONAL`,`UNOR_DCNOMEUNIDADEORGANIZACIONAL`)
) ENGINE=MyISAM  DEFAULT CHARSET=utf8 COLLATE=utf8_unicode_ci AUTO_INCREMENT=15 ;

--
-- Extraindo dados da tabela `UNOR_UNIDADEORGANIZACIONAL`
--

INSERT INTO `UNOR_UNIDADEORGANIZACIONAL` (`UNOR_IDUNIDADEORGANIZACIONAL`, `UNOR_DCNOMEUNIDADEORGANIZACIONAL`) VALUES
(1, 'Departamento Executivo'),
(2, 'Departamento Jurídico'),
(3, 'Departamento Contábil'),
(4, 'Departamento de Informática'),
(5, 'Departamento de Marketing'),
(6, 'Departamento de Controle de Qualidade'),
(7, 'Departamento de Recrutamento e Seleção'),
(8, 'Treinamento'),
(9, 'Controle de estoque'),
(10, 'Departamento Pessoal'),
(11, 'Departamento de compras'),
(12, 'Departamento administrativo'),
(13, 'Departamento de comunicação'),
(14, 'Departamento de Vendas');

-- --------------------------------------------------------

--
-- Estrutura da tabela `USPE_USUARIOPERFIL`
--

CREATE TABLE IF NOT EXISTS `USPE_USUARIOPERFIL` (
  `USPE_IDUSUARIOPERFIL` int(6) NOT NULL AUTO_INCREMENT,
  `PERF_IDPERFIL` int(6) NOT NULL,
  `USUA_IDUSUARIO` int(6) NOT NULL,
  PRIMARY KEY (`USPE_IDUSUARIOPERFIL`,`PERF_IDPERFIL`,`USUA_IDUSUARIO`)
) ENGINE=MyISAM  DEFAULT CHARSET=utf8 COLLATE=utf8_unicode_ci AUTO_INCREMENT=41 ;

--
-- Extraindo dados da tabela `USPE_USUARIOPERFIL`
--

INSERT INTO `USPE_USUARIOPERFIL` (`USPE_IDUSUARIOPERFIL`, `PERF_IDPERFIL`, `USUA_IDUSUARIO`) VALUES
(1, 1, 1),
(2, 1, 2),
(3, 1, 3),
(4, 10, 4),
(5, 6, 5),
(6, 3, 6),
(7, 4, 7),
(8, 6, 8),
(9, 6, 9),
(10, 3, 10),
(11, 9, 11),
(12, 5, 12),
(13, 2, 13),
(14, 7, 14),
(15, 8, 15),
(16, 10, 16),
(17, 11, 17),
(18, 4, 18),
(19, 1, 18),
(20, 6, 19),
(21, 8, 20),
(22, 7, 21),
(23, 8, 22),
(24, 5, 24),
(25, 6, 25),
(26, 6, 26),
(27, 11, 27),
(28, 9, 28),
(29, 3, 29),
(30, 8, 30),
(31, 10, 31),
(32, 7, 32),
(33, 4, 33),
(34, 2, 34),
(35, 9, 35),
(36, 7, 36),
(37, 11, 38),
(38, 4, 39),
(39, 8, 40),
(40, 3, 41);

-- --------------------------------------------------------

--
-- Estrutura da tabela `USUA_USUARIO`
--

CREATE TABLE IF NOT EXISTS `USUA_USUARIO` (
  `USUA_IDUSUARIO` int(6) NOT NULL AUTO_INCREMENT,
  `PESS_IDPESSOA` int(6) NOT NULL,
  `USUA_DCSENHAUSUARIO` char(15) COLLATE utf8_unicode_ci NOT NULL,
  `USUA_DCLOGINUSUARIO` char(30) COLLATE utf8_unicode_ci NOT NULL,
  PRIMARY KEY (`USUA_IDUSUARIO`,`PESS_IDPESSOA`,`USUA_DCSENHAUSUARIO`,`USUA_DCLOGINUSUARIO`)
) ENGINE=MyISAM  DEFAULT CHARSET=utf8 COLLATE=utf8_unicode_ci AUTO_INCREMENT=42 ;

--
-- Extraindo dados da tabela `USUA_USUARIO`
--

INSERT INTO `USUA_USUARIO` (`USUA_IDUSUARIO`, `PESS_IDPESSOA`, `USUA_DCSENHAUSUARIO`, `USUA_DCLOGINUSUARIO`) VALUES
(1, 1, 'ivan@123', 'ivan.almeida'),
(2, 2, 'baleco@123', 'walter.baleco'),
(3, 3, 'ita123456', 'ita.carol'),
(4, 4, 'neves@renata', 'neves.renata'),
(5, 5, 'mahmoraes', 'moraes.mah'),
(6, 6, 'jurema.santos', 'juremasantos'),
(7, 7, 'andreia89', 'lobofontes'),
(8, 8, 'liamar.santos', 'santossantos'),
(9, 9, 'iza98765', 'iza.almeida'),
(10, 10, 'rubes12345', 'cardoso.rubens'),
(11, 11, 'jose.pazos', 'pazos.jose'),
(12, 12, 'ingrid@123', 'ingrid.godois'),
(13, 13, 'lobo@123b', 'bia.lobo'),
(14, 14, 'augusto', 'carlos.augusto'),
(15, 15, 'dalmo@3455', 'dalmoduque'),
(16, 16, 'viana7875', 'simone.viana'),
(17, 17, 'cocacola', 'mauricio.gadelha'),
(18, 18, 'cerveja', 'abreu@abreu'),
(19, 19, 'fontedeagua', 'ricardo.fontes'),
(20, 20, 'drinksdrinks', 'larabarroso'),
(21, 21, 'jantarjapones', 'lobo.lobo'),
(22, 22, 'paiemae', 'fontes.jose'),
(23, 23, 'laranjauva', 'felipelima'),
(24, 24, 'lequeola', 'renato.marques'),
(25, 25, 'santiagochuva', 'bruno.santiago'),
(26, 26, 'yangyong', 'moraes.moraes'),
(27, 27, 'messias87657', 'andrey.messias'),
(28, 28, 'danilovalente78', 'valente.danilo'),
(29, 29, 'chovechuva', 'lorenzo.lucca'),
(30, 30, 'pinga51', 'caiosouza'),
(31, 31, 'musicasertaneja', 'breno.camargo'),
(32, 32, 'pedryma', 'zolleti.zolleti'),
(33, 33, 'frangoassado', 'paiva.priscila'),
(34, 34, 'arvoresdenatal', 'ramos.santos'),
(35, 35, 'humanofalho', 'santana.breno'),
(36, 36, 'cachacademaracu', 'martines.maza'),
(37, 37, 'macacoazul', 'isabela.aguiar'),
(38, 38, 'gabyflor', 'gabriel.ramos'),
(39, 39, 'saopaulo', 'joao.pessoa'),
(40, 40, 'reidogado', 'lucas.reis'),
(41, 41, 'joaoemaria', 'joao.silva');

-- --------------------------------------------------------

--
-- Estrutura da tabela `VEIC_VEICULO`
--

CREATE TABLE IF NOT EXISTS `VEIC_VEICULO` (
  `VEIC_IDVEICULO` int(6) NOT NULL AUTO_INCREMENT,
  `TIVE_IDTIPOVEICULO` int(6) NOT NULL,
  `VEIC_DTANOMODELOFABRICACAOVEICULO` year(4) NOT NULL,
  `VEIC_DTANOFABRICACAOVEICULO` year(4) NOT NULL,
  `VEIC_DLNOMEFABRICANTEVEICULO` varchar(50) COLLATE utf8_unicode_ci NOT NULL,
  `VEIC_DCCORVEICULO` char(30) COLLATE utf8_unicode_ci NOT NULL,
  `VEIC_NRRENAVANVEICULO` char(11) COLLATE utf8_unicode_ci NOT NULL,
  `VEIC_NRCHASSIVEICULO` char(17) COLLATE utf8_unicode_ci NOT NULL,
  `VEIC_NRANTTVEICULO` char(11) COLLATE utf8_unicode_ci NOT NULL,
  `VEIC_DCNOMEMODELOVEICULO` char(30) COLLATE utf8_unicode_ci NOT NULL,
  `VEIC_DTVENCIMENTOCAPACITACAOVEICULO` date NOT NULL DEFAULT '0000-00-00',
  `VEIC_NRKILOMETROSRODADOSVEICULO` double NOT NULL,
  `VEIC_KGTARAVEICULO` double NOT NULL DEFAULT '0',
  `VEIC_KGLOTACAOVEICULO` double NOT NULL DEFAULT '0',
  `VEIC_DTVENCIMENTOLICENCIAMENTOVEICULO` date NOT NULL,
  `VEIC_NRPLACAVEICULO` char(8) COLLATE utf8_unicode_ci NOT NULL,
  `VEIC_DLNOMELOCALEMPLCAMENTO` varchar(50) COLLATE utf8_unicode_ci NOT NULL,
  PRIMARY KEY (`VEIC_IDVEICULO`,`TIVE_IDTIPOVEICULO`,`VEIC_DTANOMODELOFABRICACAOVEICULO`,`VEIC_DTANOFABRICACAOVEICULO`,`VEIC_DLNOMEFABRICANTEVEICULO`,`VEIC_DCCORVEICULO`,`VEIC_NRRENAVANVEICULO`,`VEIC_NRCHASSIVEICULO`,`VEIC_NRANTTVEICULO`,`VEIC_DCNOMEMODELOVEICULO`,`VEIC_DTVENCIMENTOCAPACITACAOVEICULO`,`VEIC_NRKILOMETROSRODADOSVEICULO`,`VEIC_KGTARAVEICULO`,`VEIC_KGLOTACAOVEICULO`,`VEIC_DTVENCIMENTOLICENCIAMENTOVEICULO`)
) ENGINE=MyISAM  DEFAULT CHARSET=utf8 COLLATE=utf8_unicode_ci AUTO_INCREMENT=41 ;

--
-- Extraindo dados da tabela `VEIC_VEICULO`
--

INSERT INTO `VEIC_VEICULO` (`VEIC_IDVEICULO`, `TIVE_IDTIPOVEICULO`, `VEIC_DTANOMODELOFABRICACAOVEICULO`, `VEIC_DTANOFABRICACAOVEICULO`, `VEIC_DLNOMEFABRICANTEVEICULO`, `VEIC_DCCORVEICULO`, `VEIC_NRRENAVANVEICULO`, `VEIC_NRCHASSIVEICULO`, `VEIC_NRANTTVEICULO`, `VEIC_DCNOMEMODELOVEICULO`, `VEIC_DTVENCIMENTOCAPACITACAOVEICULO`, `VEIC_NRKILOMETROSRODADOSVEICULO`, `VEIC_KGTARAVEICULO`, `VEIC_KGLOTACAOVEICULO`, `VEIC_DTVENCIMENTOLICENCIAMENTOVEICULO`, `VEIC_NRPLACAVEICULO`, `VEIC_DLNOMELOCALEMPLCAMENTO`) VALUES
(1, 1, 2000, 1999, 'MERCEDES BENZ', 'AZUL', '2147483647', '9BWCA11A1Y4000002', '23145876', 'AXOR 1933', '2015-10-02', 304115, 12100, 27000, '2015-10-22', 'FYS-1865', 'SANTOS-SP'),
(2, 2, 2001, 2000, 'MERCEDES BENZ', 'BRANCA', '3147483648', '9BWCA11A1Y5000003', '23146877', 'AXOR 1933', '2015-12-02', 1024, 7500, 30000, '2015-10-19', 'DBB-7048', 'SANTOS-SP'),
(3, 5, 2010, 2010, 'FIAT', 'PRATA', '4147473650', '9BWCA11A1Y6000004', '25146878', 'SIENA 1.6', '0000-00-00', 20325, 0, 0, '2015-07-02', 'ESO-2545', 'SANTOS-SP'),
(4, 4, 2014, 2013, 'MERCEDES BENZ', 'VERDE', '9157473653', '9BWCA11A1Y7000005', '35146879', 'SPRINTER', '2015-09-02', 10457, 3000, 2000, '2015-11-23', 'DVS-0210', 'SANTOS-SP'),
(5, 3, 2014, 2014, 'VOLVO', 'AZUL', '9257473666', '8BWCA11A1Y1000009', '43145877', 'VM 6X2R', '2015-10-02', 1236, 7000, 15000, '2015-10-02', 'FEI-1233', 'SANTOS-SP'),
(6, 6, 2015, 2015, 'MERCEDES BENZ', 'AMARELA', '1157453643', '7BWCA11A1Y1000007', '43045888', 'ATEGO 1719', '2015-12-02', 510, 4000, 7000, '2015-11-18', 'FJA-2222', 'SANTOS-SP'),
(7, 1, 2013, 2013, 'VOLVO', 'BRANCA', '2107483647', '9BWCA12A1Y8000006', '35146125', 'FH 540', '2015-09-05', 20159, 7800, 30000, '2015-09-26', 'FKS-1598', 'SANTOS-SP'),
(8, 6, 2015, 2015, 'IVECO', 'VERMELHA', '2107480124', '9BWCA15A1Y1000002', '43045333', 'TECTOR 4X2', '2015-11-03', 1120, 4000, 10000, '2015-09-28', 'FVU-3021', 'SANTOS-SP'),
(9, 5, 2014, 2015, 'TOYOTA', 'BRANCA', '1157453457', '9BWCA11A1Y6050009', '', 'COROLLA 1.8', '2015-03-31', 2024, 0, 0, '2015-11-30', 'AJA-1021', 'SANTOS-SP'),
(10, 5, 2015, 2015, 'VOLKSWAGEN', 'PRETA', '2147483951', '9BWCA11A1Y4000119', '98146879', 'JETTA', '0000-00-00', 789, 0, 0, '2016-06-29', 'AFU-4132', 'SANTOS-SP'),
(11, 2, 2014, 2014, 'SCANIA', 'PRATA', '3147415467', '9BWCA11A1Y4000120', '35146125', '124 R480', '2015-10-30', 10987, 6800, 30000, '2015-03-31', 'AFI-6541', 'SANTOS-SP'),
(12, 4, 2013, 2013, 'IVECO', 'AMARELA', '2147487894', '9BWCA11A1Y4001235', '23145465', 'Daily Furgão', '2015-09-30', 10985, 2500, 4500, '2015-03-31', 'FYS-1832', 'SANTOS-SP'),
(13, 5, 2015, 2015, 'FORD', 'AZUL', '4147471234', '9BWCA11A1Y4000123', '23145145', 'FOCUS 2.0', '0000-00-00', 1010, 0, 0, '2015-05-05', 'FYS-3547', 'SANTOS-SP'),
(14, 5, 2015, 2015, 'VOLKSWAGEN', 'BRANCA', '2147483478', '9BWCA11A1Y4000154', '23146987', 'GOL 1.8', '0000-00-00', 1087, 0, 0, '2015-03-31', 'FYS-4568', 'SANTOS-SP'),
(15, 5, 2014, 2014, 'VOLKSWAGEN', 'BRANCA', '2147483954', '9BWCA11A1Y4000321', '23143214', 'PASSAT', '0000-00-00', 987, 0, 0, '2015-03-30', 'FYS-3214', 'SANTOS-SP'),
(16, 5, 2014, 2014, 'FIAT', 'BRANCA', '2147487895', '9BWCA11A1Y4000124', '23145012', 'LINEA', '0000-00-00', 10987, 0, 0, '2015-05-31', 'ESO-2457', 'SANTOS-SP'),
(17, 1, 2014, 2014, 'MERCEDES BENZ', 'BRANCA', '2147415975', '9BWCA11A1Y4000845', '23141478', 'AXOR 1933', '2015-03-31', 30895, 6500, 27000, '2015-12-31', 'FYS-2122', 'SANTOS-SP'),
(18, 1, 2014, 2015, 'MERCEDES BENZ', 'BRANCA', '2147484012', '9BWCA11A1Y4001234', '23145546', 'AXOR 1933', '2015-04-30', 20321, 6800, 27000, '2015-03-31', 'DBB-7048', 'SANTOS-SP'),
(19, 3, 2013, 2013, 'VOLKSWAGEN', 'BRANCA', '3121483647', '9BWCA11A1Y4000023', '22115876', '19.330 TRACTOR', '2015-03-31', 30214, 6500, 25000, '2015-11-30', 'AFU-5021', 'SANTOS-SP'),
(20, 5, 2015, 2015, 'HYUNDAI', 'BRANCA', '2147486547', '9BWCA11A1Y4000012', '23143654', 'AZERA 2.0', '0000-00-00', 1023, 0, 0, '2015-03-31', 'SHW-3265', 'SANTOS-SP'),
(21, 1, 2015, 2015, 'VOLVO', 'AMARELA', '2147484569', '9BWCA11A1Y4000987', '23143210', 'FM 270', '2015-09-05', 3024, 7100, 27000, '2015-12-31', 'FEI-1478', 'SANTOS-SP'),
(22, 1, 2014, 2014, 'MERCEDES BENZ', 'BRANCA', '3245483647', '9BWCA11A1Y4002154', '32145876', 'AXOR 1933', '2015-10-31', 30411, 6900, 27000, '2015-03-31', 'FYS-9875', 'SANTOS-SP'),
(23, 1, 2014, 2015, 'MERCEDES BENZ', 'BRANCA', '3210483647', '9BWCA11A1Y4000654', '98745876', 'AXOR 1933', '2015-03-31', 5024, 7000, 27000, '2015-09-30', 'DBB-7487', 'SANTOS-SP'),
(24, 1, 2014, 2014, 'MERCEDES BENZ', 'BRANCA', '3654483647', '9BWCA11A1Y4001236', '23145159', 'AXOR 1933', '2015-12-30', 10501, 6900, 27000, '2015-03-31', 'FYS-3210', 'SANTOS-SP'),
(25, 1, 2014, 2014, 'MERCEDES BENZ', 'BRANCA', '9875483647', '9BWCA11A1Y4000943', '23145731', 'AXOR 1933', '2015-09-30', 11987, 7000, 27000, '2015-10-22', 'FYS-9025', 'SÃO PAULO-SP'),
(26, 2, 2014, 2015, 'VOLVO', 'BRANCA', '3265483647', '9BWCA11A1Y4009547', '23147895', 'FH 480', '2015-08-30', 12987, 7100, 30000, '2015-11-30', 'AFU-4455', 'SÃO PAULO-SP'),
(27, 5, 2015, 2015, 'VOLKSWAGEN', 'BRANCA', '1157453431', '9BWCA11A1Y4000397', '23145319', 'JETTA', '0000-00-00', 1050, 0, 0, '2015-08-31', 'AFI-6598', 'SÃO PAULO-SP'),
(28, 5, 2014, 2015, 'VOLKSWAGEN', 'BRANCA', '2147484567', '9BWCA11A1Y4009457', '23143365', 'POLO SEDAN', '0000-00-00', 4021, 0, 0, '2015-07-05', 'AFI-6544', 'SÃO PAULO-SP'),
(29, 5, 2015, 2015, 'VOLKSWAGEN', 'BRANCA', '3658483647', '9BWCA11A1Y4000465', '23145032', 'PASSAT', '2015-03-31', 4024, 0, 0, '2015-03-31', 'FYS-1978', 'SÃO PAULO-SP'),
(30, 5, 2015, 2015, 'FIAT', 'BRANCA', '6547483951', '9BWCA11A1Y4000643', '23145012', 'PUNTO', '0000-00-00', 5021, 0, 0, '2015-03-31', 'FYS-0125', 'SÃO PAULO-SP'),
(31, 5, 2015, 2015, 'HYUNDAI', 'BRANCA', '9574483647', '9BWCA11A1Y4000036', '23140147', 'ELANTRA 2.0', '0000-00-00', 3210, 0, 0, '2015-03-31', 'FYS-3219', 'SANTOS-SP'),
(32, 4, 2015, 2015, 'IVECO', 'BRANCA', '4245473650', '9BWCA11A1Y5001021', '23142145', 'DAILY BAÚ', '2015-07-30', 1098, 3000, 5000, '2015-03-31', 'DBB-0132', 'SÃO PAULO-SP'),
(33, 4, 2015, 2015, 'MERCEDES BENZ', 'BRANCA', '2147483965', '9BWCA11A1Y4000475', '23145301', 'SPRINTER', '2015-03-31', 20225, 2500, 4500, '2015-07-30', 'FEI-3547', 'SÃO PAULO-SP'),
(34, 2, 2015, 2015, 'IVECO', 'BRANCA', '214748014', '9BWCA11A1Y4000032', '23145987', 'STRALIS 400', '2015-05-31', 30214, 6900, 30000, '2015-11-30', 'FYS-0369', 'SÃO PAULO-SP'),
(35, 2, 2015, 2015, 'IVECO', 'BRANCA', '1023483647', '9BWCA11A1Y4000015', '23141230', 'HI-WAY 480', '2015-11-30', 4026, 7000, 30000, '2016-08-31', 'JFK-6654', 'SANTOS-SP'),
(36, 2, 2015, 2015, 'IVECO', 'BRANCA', '2147480123', '9BWCA11A1Y4001239', '23143021', 'HI-WAY 440', '2015-10-30', 789, 6950, 30000, '2015-09-30', 'FYS-0875', 'SANTOS-SP'),
(37, 3, 2015, 2015, 'IVECO', 'BRANCA', '2147483210', '9BWCA11A1Y4000021', '23145880', 'TECTOR 4X2', '2015-12-31', 4115, 7100, 30000, '2015-10-31', 'JFG-0321', 'SANTOS-SP'),
(38, 6, 2015, 2015, 'IVECO', 'BRANCA', '3957483647', '9BWCA11A1Y4012398', '23102145', 'VERTIS HD', '2015-10-30', 8224, 3500, 8500, '2015-11-30', 'AJG-0369', 'SANTOS-SP'),
(39, 6, 2015, 2015, 'IVECO', 'BRANCA', '2147401236', '9BWCA11A1Y4032654', '23103698', 'VERTIS HD', '2015-09-30', 15987, 5000, 8500, '2015-09-30', 'FYS-1801', 'SANTOS-SP'),
(40, 2, 2015, 2015, 'VOLKSWAGEN', 'BRANCA', '2147480124', '9BWCA11A1Y4012457', '23023879', '25.390 6x2 TRACTOR', '2015-10-31', 950, 7200, 30000, '2015-03-31', 'FYS-0879', 'SANTOS-SP');

-- --------------------------------------------------------

--
-- Estrutura da tabela `VIAG_VIAGEM`
--

CREATE TABLE IF NOT EXISTS `VIAG_VIAGEM` (
  `VIAG_IDVIAGEM` int(6) NOT NULL AUTO_INCREMENT,
  `EMPR_IDEMPRESA` int(6) NOT NULL,
  `CARG_IDCARGA` int(6) NOT NULL,
  `VIAG_DTVIAGEM` date NOT NULL,
  `VIAG_NRREFERENCIAVIAGEM` int(6) NOT NULL,
  PRIMARY KEY (`VIAG_IDVIAGEM`,`EMPR_IDEMPRESA`,`CARG_IDCARGA`,`VIAG_DTVIAGEM`)
) ENGINE=MyISAM  DEFAULT CHARSET=utf8 COLLATE=utf8_unicode_ci AUTO_INCREMENT=41 ;

--
-- Extraindo dados da tabela `VIAG_VIAGEM`
--

INSERT INTO `VIAG_VIAGEM` (`VIAG_IDVIAGEM`, `EMPR_IDEMPRESA`, `CARG_IDCARGA`, `VIAG_DTVIAGEM`, `VIAG_NRREFERENCIAVIAGEM`) VALUES
(1, 1, 1, '2015-03-26', 1),
(2, 2, 2, '2015-01-11', 2),
(3, 3, 3, '2015-02-12', 3),
(4, 2, 4, '2015-04-03', 4),
(5, 2, 5, '2015-02-07', 5),
(6, 3, 6, '2015-03-02', 6),
(7, 6, 7, '2015-05-20', 7),
(8, 8, 8, '2015-02-10', 8),
(9, 9, 9, '2015-02-28', 9),
(10, 10, 10, '2015-02-21', 10),
(11, 11, 11, '2015-02-14', 11),
(12, 12, 12, '2015-02-14', 12),
(13, 13, 13, '2015-02-11', 13),
(14, 14, 14, '2015-02-15', 14),
(15, 15, 15, '2015-05-17', 15),
(16, 16, 16, '2015-02-15', 16),
(17, 17, 17, '2015-02-16', 17),
(18, 18, 18, '2015-02-16', 18),
(19, 19, 19, '2015-02-17', 19),
(20, 20, 20, '2015-02-19', 0),
(21, 21, 21, '2015-02-09', 21),
(22, 22, 22, '2015-02-20', 22),
(23, 23, 23, '2015-02-22', 23),
(24, 24, 24, '2015-02-23', 24),
(25, 25, 25, '2015-02-06', 25),
(26, 26, 26, '2015-02-23', 26),
(27, 27, 27, '2015-02-24', 27),
(28, 28, 28, '2015-02-24', 28),
(29, 29, 29, '2015-02-25', 29),
(30, 30, 30, '2015-02-27', 30),
(31, 31, 31, '2015-02-26', 31),
(32, 32, 32, '2015-02-19', 32),
(33, 33, 33, '2015-02-19', 33),
(34, 34, 34, '2015-02-17', 34),
(35, 35, 35, '2015-02-17', 35),
(36, 36, 36, '2015-02-28', 36),
(37, 37, 37, '2015-03-01', 37),
(38, 38, 38, '2015-03-02', 38),
(39, 39, 39, '2015-03-03', 39),
(40, 40, 40, '2015-03-12', 40);

/*!40101 SET CHARACTER_SET_CLIENT=@OLD_CHARACTER_SET_CLIENT */;
/*!40101 SET CHARACTER_SET_RESULTS=@OLD_CHARACTER_SET_RESULTS */;
/*!40101 SET COLLATION_CONNECTION=@OLD_COLLATION_CONNECTION */;
